Contract_ID,Contract_Type,Department,Region,Contract_Value,Term_Days,Payment_Terms,Clauses_Missing,Amendments_Count,Draft_Date,Submission_Date,Approval_Date,Execution_Date,Approval_Time_Days,Cycle_Time_Days,Status,Digital_Signature,Manual_Signature,Compliance_Flag,Created_By_Role,Reviewed_By_Role
CT-100000,MSA,Procurement,India,1000509,611,Quarterly,0,1,2022-01-31,2022-01-31,2022-02-24,2022-03-01,24.0,29.0,Approved,Y,N,1,Analyst,Compliance
CT-100001,NDA,Audit,India,169179,404,Monthly,1,2,2022-01-03,2022-01-03,,,,,Pending,Y,N,0,Analyst,Procurement
CT-100002,SOW,Procurement,EMEA,361344,295,Monthly,1,0,2022-06-17,2022-06-17,2022-06-26,2022-06-26,9.0,9.0,Approved,Y,N,0,Manager,Procurement
CT-100003,SOW,Procurement,India,411861,268,Monthly,0,0,2022-01-31,2022-02-03,2022-02-21,2022-02-23,18.0,23.0,Approved,Y,N,1,HR Exec,Procurement
CT-100004,MSA,Consulting,India,240261,165,On Delivery,2,0,2022-09-07,2022-09-07,2022-10-02,2022-10-08,25.0,31.0,Approved,Y,N,0,Analyst,Finance
CT-100005,MSA,Tax,India,85445,552,Quarterly,1,0,2022-10-09,2022-10-09,2022-10-30,2022-11-03,21.0,25.0,Approved,N,Y,0,HR Exec,Compliance
CT-100006,MSA,HR,India,828504,318,On Delivery,0,0,2022-03-14,2022-03-17,2022-04-05,2022-04-05,19.0,22.0,Approved,Y,N,1,Analyst,Compliance
CT-100007,MSA,Consulting,India,529597,360,Monthly,1,0,2022-11-15,2022-11-15,2022-12-07,2022-12-10,22.0,25.0,Approved,Y,N,0,Manager,Compliance
CT-100008,NDA,Tax,India,261600,496,Quarterly,1,2,2022-05-22,2022-05-22,2022-06-13,2022-06-16,22.0,25.0,Approved,N,N,0,Analyst,Compliance
CT-100009,SOW,Consulting,India,728490,376,On Delivery,1,1,2022-02-21,2022-02-21,2022-03-12,2022-03-17,19.0,24.0,Approved,Y,N,0,Analyst,Compliance
CT-100010,Vendor,Tax,US,195420,530,Net30,2,1,2023-07-18,2023-07-19,2023-08-12,2023-08-12,24.0,25.0,Approved,Y,N,0,Analyst,Finance
CT-100011,MSA,HR,India,1668438,537,Monthly,0,2,2022-06-28,2022-06-29,2022-07-25,2022-07-30,26.0,32.0,Approved,Y,N,1,HR Exec,Procurement
CT-100012,Vendor,Tax,APAC,32460,362,Monthly,3,3,2022-03-14,2022-03-16,2022-04-15,2022-04-16,30.0,33.0,Approved,Y,N,0,HR Exec,Compliance
CT-100013,NDA,Audit,APAC,104550,374,On Delivery,1,0,2022-03-11,2022-03-14,2022-03-30,2022-04-03,16.0,23.0,Approved,N,N,0,Manager,Procurement
CT-100014,SOW,Tax,India,16572873,225,Quarterly,0,2,2022-06-28,2022-06-29,2022-07-19,2022-07-24,20.0,26.0,Approved,N,Y,1,Manager,Procurement
CT-100015,Vendor,HR,India,64951,441,Monthly,2,1,2022-09-30,2022-09-30,2022-10-03,,3.0,,Rejected,N,Y,0,Analyst,Finance
CT-100016,Vendor,Procurement,India,196544,746,Quarterly,0,0,2022-10-11,2022-10-16,2022-11-03,2022-11-07,18.0,27.0,Approved,Y,N,1,Analyst,Legal
CT-100017,MSA,Procurement,India,4016767,603,Monthly,0,3,2022-02-05,2022-02-07,2022-02-12,,5.0,,Rejected,Y,N,1,Manager,Legal
CT-100018,Vendor,Tax,US,360251,444,Net30,0,0,2022-01-22,2022-01-23,2022-02-08,2022-02-11,16.0,20.0,Approved,Y,N,1,HR Exec,Legal
CT-100019,MSA,Audit,APAC,1740146,420,On Delivery,1,1,2022-11-25,2022-11-26,2022-12-23,2022-12-27,27.0,32.0,Approved,N,Y,0,Partner,Legal
CT-100020,SOW,Legal,US,127691,599,Monthly,1,0,2023-04-17,2023-04-19,2023-05-07,2023-05-08,18.0,21.0,Approved,Y,N,0,Manager,Legal
CT-100021,SOW,HR,India,653262,507,On Delivery,1,1,2022-06-09,2022-06-13,2022-07-01,2022-07-04,18.0,25.0,Approved,Y,N,0,Analyst,Compliance
CT-100022,MSA,Audit,India,259668,80,Quarterly,2,2,2022-09-04,2022-09-06,2022-09-29,2022-10-01,23.0,27.0,Approved,Y,N,0,Analyst,Legal
CT-100023,SOW,HR,APAC,452405,503,Net30,1,0,2022-04-13,2022-04-13,2022-04-28,2022-04-28,15.0,15.0,Approved,Y,N,0,HR Exec,Procurement
CT-100024,SOW,Tax,APAC,334005,238,Net30,1,3,2022-04-11,2022-04-11,2022-05-06,2022-05-07,25.0,26.0,Approved,Y,N,0,Analyst,Procurement
CT-100025,SOW,Consulting,India,89871,356,Monthly,0,0,2022-03-05,2022-03-06,2022-03-22,2022-03-22,16.0,17.0,Approved,Y,N,1,Partner,Finance
CT-100026,Employment,Consulting,India,53792,254,Net30,1,0,2022-01-29,2022-02-04,2022-02-16,2022-02-22,12.0,24.0,Approved,Y,N,0,Manager,Finance
CT-100027,Vendor,Consulting,India,74026,224,Monthly,0,2,2022-03-04,2022-03-05,2022-03-26,2022-03-30,21.0,26.0,Approved,N,Y,1,Partner,Legal
CT-100028,SOW,Procurement,APAC,82192,191,Monthly,0,0,2022-06-28,2022-07-02,2022-07-13,2022-07-13,11.0,15.0,Approved,Y,N,1,Partner,Procurement
CT-100029,SOW,Audit,US,159905,508,Monthly,0,1,2022-03-21,2022-03-21,2022-04-11,2022-04-14,21.0,24.0,Approved,Y,N,1,Analyst,Compliance
CT-100030,Vendor,Tax,APAC,52688,284,Monthly,0,0,2022-02-08,2022-02-08,2022-02-20,2022-02-22,12.0,14.0,Approved,Y,N,1,Analyst,Legal
CT-100031,MSA,Legal,India,466948,325,Net30,1,0,2022-04-03,2022-04-12,2022-05-06,2022-05-10,24.0,37.0,Approved,N,N,0,Manager,Legal
CT-100032,Vendor,Legal,APAC,49736,219,Monthly,0,0,2022-02-17,2022-02-17,2022-03-05,2022-03-07,16.0,18.0,Approved,Y,N,1,Partner,Legal
CT-100033,MSA,HR,APAC,3913964,462,Quarterly,0,1,2022-07-27,2022-07-27,2022-08-21,2022-08-23,25.0,27.0,Approved,Y,N,1,Analyst,Procurement
CT-100034,Vendor,Legal,India,122248,373,Quarterly,1,0,2023-11-29,2023-11-29,2023-12-20,2023-12-23,21.0,24.0,Approved,Y,N,0,HR Exec,Compliance
CT-100035,MSA,Audit,India,228340,467,Monthly,0,0,2022-02-25,2022-02-27,2022-03-18,2022-03-20,19.0,23.0,Approved,Y,N,1,Analyst,Finance
CT-100036,MSA,Procurement,India,111936,256,On Delivery,1,1,2022-03-27,2022-03-31,2022-04-26,2022-04-29,26.0,33.0,Approved,N,N,0,HR Exec,Procurement
CT-100037,Vendor,Procurement,India,111060,307,Net30,1,0,2023-02-24,2023-03-01,2023-03-19,2023-03-19,18.0,23.0,Approved,N,N,0,Analyst,Legal
CT-100038,MSA,Audit,APAC,342160,407,Monthly,2,0,2022-11-13,2022-11-17,2022-12-15,2022-12-22,28.0,39.0,Approved,Y,N,0,Analyst,Legal
CT-100039,Vendor,Consulting,India,996222,437,Net30,0,1,2023-01-10,2023-01-11,2023-01-27,2023-01-31,16.0,21.0,Approved,N,N,1,Manager,Procurement
CT-100040,Vendor,Tax,India,53820,44,Quarterly,1,1,2022-07-09,2022-07-15,2022-08-06,2022-08-10,22.0,32.0,Approved,N,Y,0,Manager,Finance
CT-100041,SOW,Tax,EMEA,49636,342,Net30,1,2,2022-06-28,2022-06-28,2022-07-21,2022-07-25,23.0,27.0,Approved,N,Y,0,Analyst,Finance
CT-100042,Employment,Tax,India,5000,330,Quarterly,0,0,2022-03-16,2022-03-18,2022-03-26,2022-03-30,8.0,14.0,Approved,Y,N,1,Legal Exec,Legal
CT-100043,SOW,Legal,US,32612,391,Monthly,0,0,2022-04-22,2022-04-22,2022-05-13,2022-05-18,21.0,26.0,Approved,Y,N,1,Analyst,Compliance
CT-100044,MSA,Audit,APAC,323529,263,On Delivery,0,0,2022-01-16,2022-01-16,2022-02-04,2022-02-08,19.0,23.0,Approved,N,N,1,HR Exec,Compliance
CT-100045,NDA,Consulting,APAC,16806,252,Quarterly,1,2,2022-09-13,2022-09-18,2022-10-07,2022-10-09,19.0,26.0,Approved,Y,N,0,Analyst,Finance
CT-100046,SOW,Procurement,India,45751,423,Quarterly,2,0,2022-04-06,2022-04-06,2022-04-19,2022-04-23,13.0,17.0,Approved,Y,N,0,Analyst,Procurement
CT-100047,SOW,Audit,EMEA,522399,359,On Delivery,0,0,2022-03-04,2022-03-12,2022-03-30,2022-03-30,18.0,26.0,Approved,Y,N,1,Analyst,Finance
CT-100048,MSA,Audit,APAC,616037,438,On Delivery,1,0,2022-01-30,2022-01-30,2022-03-01,2022-03-07,30.0,36.0,Approved,N,Y,0,Analyst,Finance
CT-100049,MSA,Audit,India,343720,400,On Delivery,0,0,2022-03-10,2022-03-16,2022-04-04,2022-04-11,19.0,32.0,Approved,N,N,1,Analyst,Procurement
CT-100050,MSA,Tax,APAC,363698,364,Quarterly,0,1,2022-01-16,2022-01-16,2022-02-09,2022-02-15,24.0,30.0,Approved,Y,N,1,HR Exec,Legal
CT-100051,SOW,Tax,India,19625,570,Monthly,1,1,2022-02-10,2022-02-15,2022-03-07,2022-03-12,20.0,30.0,Approved,N,Y,0,Analyst,Compliance
CT-100052,NDA,Consulting,US,105052,512,Monthly,1,3,2023-02-01,2023-02-03,2023-02-23,2023-02-27,20.0,26.0,Approved,Y,N,0,Analyst,Procurement
CT-100053,MSA,Tax,APAC,2764811,203,Monthly,0,2,2022-07-16,2022-07-18,,,,,Pending,N,Y,1,HR Exec,Legal
CT-100054,MSA,Tax,India,15823647,247,Monthly,0,0,2022-03-24,2022-03-31,2022-04-07,,7.0,,Rejected,N,N,1,Analyst,Legal
CT-100055,Employment,Consulting,India,40953,193,Net30,1,3,2023-04-14,2023-04-15,2023-05-05,2023-05-06,20.0,22.0,Approved,N,Y,0,Analyst,Legal
CT-100056,SOW,Consulting,US,285580,456,On Delivery,0,0,2022-07-01,2022-07-01,2022-07-15,2022-07-22,14.0,21.0,Approved,N,Y,1,HR Exec,Legal
CT-100057,SOW,Consulting,India,73194,332,Monthly,1,0,2023-06-21,2023-06-21,,,,,Pending,Y,N,0,Analyst,Finance
CT-100058,SOW,HR,India,524301,528,Quarterly,1,2,2023-02-10,2023-02-12,2023-03-03,2023-03-05,19.0,23.0,Approved,Y,N,0,HR Exec,Procurement
CT-100059,NDA,Legal,India,102766,347,Monthly,1,1,2022-06-12,2022-06-12,2022-07-03,2022-07-07,21.0,25.0,Approved,Y,N,0,Analyst,Procurement
CT-100060,MSA,Tax,India,46152,578,Monthly,0,1,2022-02-08,2022-02-09,2022-03-06,2022-03-07,25.0,27.0,Approved,Y,N,1,Analyst,Finance
CT-100061,Vendor,Procurement,India,611947,675,Monthly,0,1,2022-12-08,2022-12-09,2022-12-25,2022-12-28,16.0,20.0,Approved,N,Y,1,HR Exec,Compliance
CT-100062,NDA,Legal,India,116531,32,Monthly,1,0,2023-02-10,2023-02-10,2023-02-27,2023-03-05,17.0,23.0,Approved,Y,N,0,Analyst,Legal
CT-100063,Vendor,Tax,EMEA,351958,604,Monthly,0,1,2022-11-15,2022-11-15,2022-12-05,2022-12-05,20.0,20.0,Approved,Y,N,1,Analyst,Finance
CT-100064,MSA,Audit,EMEA,358281,284,Monthly,0,0,2022-05-11,2022-05-11,2022-05-27,2022-05-31,16.0,20.0,Approved,N,Y,1,Analyst,Procurement
CT-100065,SOW,HR,US,162053,156,On Delivery,1,0,2022-03-21,2022-03-21,2022-04-05,2022-04-07,15.0,17.0,Approved,Y,N,0,Manager,Finance
CT-100066,NDA,Audit,India,17468,428,Monthly,1,1,2022-03-13,2022-03-15,2022-04-06,2022-04-10,22.0,28.0,Approved,Y,N,0,Manager,Finance
CT-100067,Vendor,Audit,India,1230312,282,Quarterly,1,2,2022-09-30,2022-10-01,2022-10-07,,6.0,,Rejected,Y,N,0,Analyst,Compliance
CT-100068,NDA,Procurement,India,4928,451,Monthly,1,2,2022-10-19,2022-10-19,2022-11-19,2022-11-22,31.0,34.0,Approved,Y,N,0,Analyst,Procurement
CT-100069,Vendor,Audit,EMEA,56058,119,Monthly,0,1,2022-10-27,2022-11-02,2022-11-17,2022-11-17,15.0,21.0,Approved,Y,N,1,Analyst,Finance
CT-100070,Vendor,Legal,APAC,256346,571,Monthly,0,1,2022-08-02,2022-08-02,2022-08-28,2022-08-29,26.0,27.0,Approved,Y,N,1,Analyst,Compliance
CT-100071,MSA,Audit,India,170570,441,Quarterly,2,1,2022-07-06,2022-07-09,2022-07-30,2022-08-04,21.0,29.0,Approved,Y,N,0,Manager,Procurement
CT-100072,SOW,Audit,India,134128,142,Monthly,0,0,2022-06-25,2022-06-28,2022-07-11,2022-07-17,13.0,22.0,Approved,Y,N,1,Analyst,Legal
CT-100073,Vendor,Tax,India,57219,437,Monthly,0,1,2022-08-12,2022-08-12,2022-09-08,2022-09-12,27.0,31.0,Approved,N,N,1,Analyst,Legal
CT-100074,Vendor,Consulting,India,295026,400,On Delivery,0,1,2022-07-30,2022-08-02,2022-08-22,2022-08-23,20.0,24.0,Approved,N,Y,1,HR Exec,Legal
CT-100075,SOW,Consulting,India,706323,489,Net30,0,2,2023-02-11,2023-02-11,2023-02-28,2023-03-05,17.0,22.0,Approved,Y,N,1,Analyst,Legal
CT-100076,MSA,Consulting,APAC,4249390,310,Quarterly,0,3,2023-08-29,2023-08-30,2023-09-28,2023-09-28,29.0,30.0,Approved,Y,N,1,Manager,Finance
CT-100077,Vendor,Tax,APAC,117628,592,Net30,0,2,2022-02-13,2022-02-13,2022-03-08,2022-03-15,23.0,30.0,Approved,N,N,1,Manager,Finance
CT-100078,NDA,Audit,India,47959,174,Net30,1,0,2022-11-12,2022-11-14,2022-11-25,2022-11-27,11.0,15.0,Approved,Y,N,0,Analyst,Legal
CT-100079,NDA,Legal,APAC,136662,440,On Delivery,0,0,2023-04-18,2023-04-20,2023-05-09,2023-05-13,19.0,25.0,Approved,Y,N,1,HR Exec,Compliance
CT-100080,NDA,Consulting,India,57385,284,Net30,0,0,2022-02-09,2022-02-09,2022-02-15,2022-02-16,6.0,7.0,Approved,Y,N,1,Manager,Legal
CT-100081,MSA,Audit,India,4751462,531,Quarterly,0,1,2022-03-25,2022-03-28,2022-04-26,2022-04-27,29.0,33.0,Approved,Y,N,1,Manager,Legal
CT-100082,MSA,Tax,India,1670334,180,Net30,1,2,2022-08-16,2022-08-24,2022-09-22,2022-09-22,29.0,37.0,Approved,Y,N,0,Analyst,Compliance
CT-100083,Vendor,Legal,India,60478,394,Net30,1,0,2022-04-16,2022-04-21,2022-04-25,,4.0,,Rejected,Y,N,0,Analyst,Compliance
CT-100084,SOW,Procurement,EMEA,257902,229,On Delivery,0,0,2022-11-07,2022-11-11,2022-11-27,2022-12-02,16.0,25.0,Approved,Y,N,1,Analyst,Compliance
CT-100085,SOW,Audit,India,37632,235,Quarterly,1,2,2022-11-05,2022-11-12,2022-12-13,2022-12-17,31.0,42.0,Approved,Y,N,0,Manager,Finance
CT-100086,Vendor,Legal,India,10376,469,Monthly,0,0,2022-02-20,2022-02-20,2022-03-11,2022-03-15,19.0,23.0,Approved,Y,N,1,Analyst,Compliance
CT-100087,MSA,Legal,US,276196,532,Net30,2,1,2022-02-22,2022-02-24,2022-03-23,2022-03-27,27.0,33.0,Approved,Y,N,0,Analyst,Finance
CT-100088,NDA,Tax,India,22949,125,Monthly,0,1,2022-03-12,2022-03-14,2022-03-24,2022-03-26,10.0,14.0,Approved,Y,N,1,Analyst,Procurement
CT-100089,SOW,HR,APAC,67534,231,Monthly,0,1,2022-09-15,2022-09-15,2022-10-06,2022-10-06,21.0,21.0,Approved,Y,N,1,Analyst,Legal
CT-100090,SOW,Audit,India,4154310,611,Quarterly,1,3,2022-02-14,2022-02-14,2022-03-08,2022-03-09,22.0,23.0,Approved,Y,N,0,Analyst,Finance
CT-100091,SOW,HR,India,603114,460,On Delivery,1,1,2022-01-22,2022-01-25,2022-02-12,2022-02-15,18.0,24.0,Approved,Y,N,0,Partner,Procurement
CT-100092,NDA,Audit,India,30739,93,Net30,0,1,2024-06-08,2024-06-09,2024-06-13,,4.0,,Rejected,Y,N,1,HR Exec,Compliance
CT-100093,SOW,Procurement,APAC,64671,43,Net30,3,1,2022-12-22,2022-12-23,2022-12-28,,5.0,,Rejected,Y,N,0,Legal Exec,Compliance
CT-100094,SOW,Consulting,India,218574,326,Net30,0,1,2022-01-27,2022-01-28,2022-02-10,2022-02-12,13.0,16.0,Approved,Y,N,1,Manager,Finance
CT-100095,SOW,Consulting,US,79719,134,Quarterly,0,1,2022-02-25,2022-02-26,2022-03-14,2022-03-18,16.0,21.0,Approved,N,N,1,HR Exec,Finance
CT-100096,NDA,Legal,India,20271,453,On Delivery,1,3,2022-02-06,2022-02-10,2022-03-07,2022-03-08,25.0,30.0,Approved,Y,N,0,HR Exec,Legal
CT-100097,MSA,Procurement,APAC,45756,379,Quarterly,2,1,2022-05-04,2022-05-05,2022-05-30,2022-06-05,25.0,32.0,Approved,Y,N,0,Analyst,Legal
CT-100098,MSA,Consulting,APAC,902635,104,Monthly,0,2,2022-04-30,2022-04-30,2022-05-28,2022-05-31,28.0,31.0,Approved,Y,N,1,Manager,Legal
CT-100099,SOW,Legal,India,83933,825,On Delivery,0,0,2022-06-14,2022-06-22,2022-07-13,2022-07-17,21.0,33.0,Approved,Y,N,1,Analyst,Finance
CT-100100,NDA,HR,EMEA,20927,535,Quarterly,0,0,2022-03-21,2022-03-25,2022-03-31,2022-04-02,6.0,12.0,Approved,N,N,1,HR Exec,Legal
CT-100101,SOW,Legal,APAC,106987,412,Quarterly,1,1,2022-02-10,2022-02-10,2022-02-13,,3.0,,Rejected,Y,N,0,Analyst,Legal
CT-100102,SOW,Tax,India,410745,457,Quarterly,0,0,2022-01-17,2022-01-17,2022-02-01,2022-02-07,15.0,21.0,Approved,N,Y,1,Manager,Procurement
CT-100103,MSA,HR,APAC,474397,328,Monthly,0,1,2022-03-05,2022-03-06,2022-04-03,2022-04-04,28.0,30.0,Approved,Y,N,1,HR Exec,Legal
CT-100104,MSA,Audit,India,530606,497,Monthly,2,1,2022-04-19,2022-04-20,2022-05-22,2022-05-23,32.0,34.0,Approved,Y,N,0,Analyst,Procurement
CT-100105,MSA,Tax,US,66193,574,Monthly,0,0,2022-02-27,2022-03-01,2022-03-26,2022-03-29,25.0,30.0,Approved,Y,N,1,Manager,Legal
CT-100106,NDA,Legal,India,72628,137,Net30,2,1,2022-06-07,2022-06-08,2022-06-28,2022-06-29,20.0,22.0,Approved,Y,N,0,Partner,Procurement
CT-100107,MSA,Procurement,India,2447344,226,Quarterly,0,3,2022-05-01,2022-05-05,2022-06-04,2022-06-07,30.0,37.0,Approved,N,Y,1,Partner,Compliance
CT-100108,SOW,HR,APAC,66029,530,Quarterly,1,0,2023-05-09,2023-05-09,2023-05-20,2023-05-23,11.0,14.0,Approved,Y,N,0,HR Exec,Compliance
CT-100109,Vendor,Tax,US,108909,292,Monthly,2,1,2022-01-18,2022-01-20,2022-02-13,2022-02-16,24.0,29.0,Approved,Y,N,0,Manager,Procurement
CT-100110,Employment,Audit,India,49099,578,On Delivery,1,1,2023-01-26,2023-02-04,2023-02-20,2023-02-25,16.0,30.0,Approved,Y,N,0,HR Exec,Procurement
CT-100111,MSA,Audit,EMEA,591675,552,Monthly,0,0,2022-09-11,2022-09-15,2022-10-07,2022-10-07,22.0,26.0,Approved,Y,N,1,Manager,Procurement
CT-100112,MSA,Tax,APAC,7417422,432,Monthly,1,2,2022-12-29,2022-12-29,2023-01-30,2023-01-30,32.0,32.0,Approved,Y,N,0,Analyst,Compliance
CT-100113,Vendor,Procurement,APAC,387834,485,On Delivery,0,2,2022-01-24,2022-01-24,2022-02-07,2022-02-10,14.0,17.0,Approved,Y,N,1,Analyst,Legal
CT-100114,MSA,Legal,US,497584,492,Monthly,3,2,2022-12-20,2022-12-20,2022-12-23,,3.0,,Rejected,Y,N,0,Analyst,Finance
CT-100115,SOW,Consulting,India,425036,74,Monthly,0,1,2023-04-12,2023-04-15,2023-05-05,2023-05-09,20.0,27.0,Approved,Y,N,1,Manager,Procurement
CT-100116,Vendor,Procurement,APAC,74668,198,Monthly,2,2,2022-04-23,2022-04-25,2022-05-20,2022-05-20,25.0,27.0,Approved,N,Y,0,Manager,Compliance
CT-100117,MSA,Consulting,EMEA,596040,76,Monthly,0,0,2022-07-31,2022-08-02,2022-08-24,2022-08-25,22.0,25.0,Approved,Y,N,1,Analyst,Procurement
CT-100118,NDA,Tax,India,44117,325,Monthly,1,0,2022-05-26,2022-05-26,2022-06-07,2022-06-08,12.0,13.0,Approved,Y,N,0,Analyst,Finance
CT-100119,SOW,Procurement,India,190720,604,Net30,1,1,2022-04-30,2022-05-06,2022-05-24,2022-05-28,18.0,28.0,Approved,Y,N,0,Manager,Procurement
CT-100120,Vendor,Consulting,APAC,40194,391,On Delivery,0,0,2022-05-02,2022-05-02,2022-05-15,2022-05-17,13.0,15.0,Approved,Y,N,1,Analyst,Compliance
CT-100121,Vendor,Audit,APAC,43981,618,Quarterly,0,1,2022-07-09,2022-07-12,2022-08-04,2022-08-07,23.0,29.0,Approved,Y,N,1,Analyst,Finance
CT-100122,MSA,Tax,India,205208,266,Monthly,1,2,2022-08-24,2022-08-26,2022-10-01,2022-10-02,36.0,39.0,Approved,N,Y,0,Partner,Compliance
CT-100123,MSA,HR,US,50762,240,Quarterly,0,0,2022-09-02,2022-09-02,2022-09-26,2022-09-27,24.0,25.0,Approved,Y,N,1,Manager,Procurement
CT-100124,SOW,Tax,India,97131,564,On Delivery,0,0,2024-06-04,2024-06-04,2024-06-26,2024-06-28,22.0,24.0,Approved,Y,N,1,Manager,Compliance
CT-100125,SOW,Audit,India,146380,298,Monthly,0,1,2022-03-10,2022-03-11,2022-03-30,2022-03-30,19.0,20.0,Approved,Y,N,1,Manager,Legal
CT-100126,MSA,Procurement,APAC,78264,479,Quarterly,0,0,2022-02-13,2022-02-16,2022-03-09,2022-03-11,21.0,26.0,Approved,Y,N,1,Analyst,Procurement
CT-100127,NDA,Procurement,India,29576,785,Quarterly,2,2,2022-04-11,2022-04-12,2022-05-01,2022-05-04,19.0,23.0,Approved,N,Y,0,Partner,Procurement
CT-100128,SOW,HR,India,1359925,368,Monthly,1,2,2022-06-15,2022-06-18,2022-07-17,2022-07-17,29.0,32.0,Approved,N,N,0,Analyst,Procurement
CT-100129,Vendor,HR,EMEA,197931,363,Monthly,0,1,2022-02-24,2022-02-24,2022-03-03,,7.0,,Rejected,N,N,1,Analyst,Compliance
CT-100130,NDA,Audit,APAC,15331,560,Monthly,1,2,2022-05-27,2022-05-30,2022-06-19,2022-06-21,20.0,25.0,Approved,Y,N,0,HR Exec,Procurement
CT-100131,NDA,Consulting,EMEA,16864,403,Quarterly,0,0,2022-04-15,2022-04-16,2022-04-24,2022-04-27,8.0,12.0,Approved,Y,N,1,Analyst,Compliance
CT-100132,Vendor,HR,EMEA,337840,75,Monthly,0,2,2023-04-19,2023-04-19,2023-05-09,2023-05-09,20.0,20.0,Approved,N,N,1,Analyst,Legal
CT-100133,Vendor,Consulting,EMEA,138118,561,Net30,1,1,2022-02-23,2022-02-23,2022-03-12,2022-03-15,17.0,20.0,Approved,Y,N,0,Analyst,Finance
CT-100134,SOW,Audit,EMEA,271834,246,Monthly,0,1,2022-06-30,2022-06-30,2022-07-19,2022-07-23,19.0,23.0,Approved,N,Y,1,HR Exec,Legal
CT-100135,MSA,Tax,APAC,707819,555,Net30,1,0,2023-07-05,2023-07-05,2023-07-07,,2.0,,Rejected,Y,N,0,HR Exec,Legal
CT-100136,Employment,HR,India,58210,436,Monthly,0,2,2022-05-19,2022-05-21,2022-06-07,2022-06-09,17.0,21.0,Approved,Y,N,1,Partner,Legal
CT-100137,SOW,Consulting,India,12117,605,On Delivery,0,2,2022-11-15,2022-11-19,2022-12-09,2022-12-11,20.0,26.0,Approved,Y,N,1,Analyst,Compliance
CT-100138,MSA,Consulting,EMEA,6948967,406,Monthly,1,4,2022-09-24,2022-09-30,2022-11-05,2022-11-07,36.0,44.0,Approved,N,Y,0,Analyst,Legal
CT-100139,MSA,HR,India,304200,304,Net30,1,0,2022-04-02,2022-04-03,2022-04-19,2022-04-20,16.0,18.0,Approved,Y,N,0,Manager,Procurement
CT-100140,SOW,HR,APAC,391404,429,Quarterly,1,0,2022-02-16,2022-02-20,2022-03-08,2022-03-11,16.0,23.0,Approved,Y,N,0,Manager,Procurement
CT-100141,Employment,Consulting,India,92529,442,On Delivery,1,0,2022-09-16,2022-09-20,2022-10-02,2022-10-06,12.0,20.0,Approved,Y,N,0,Manager,Legal
CT-100142,MSA,HR,India,584663,419,Monthly,1,2,2022-01-10,2022-01-17,2022-02-07,2022-02-08,21.0,29.0,Approved,N,N,0,Manager,Finance
CT-100143,Vendor,Audit,APAC,132692,128,Quarterly,1,2,2022-06-08,2022-06-08,2022-07-06,2022-07-08,28.0,30.0,Approved,Y,N,0,Legal Exec,Finance
CT-100144,NDA,Tax,India,354454,216,On Delivery,0,2,2023-01-21,2023-01-26,2023-02-10,2023-02-15,15.0,25.0,Approved,N,N,1,Partner,Legal
CT-100145,MSA,Consulting,EMEA,264636,593,Quarterly,1,1,2022-05-25,2022-05-25,2022-06-22,2022-07-01,28.0,37.0,Approved,Y,N,0,Manager,Procurement
CT-100146,Vendor,Tax,India,28111,58,On Delivery,1,1,2023-01-11,2023-01-11,2023-02-03,2023-02-07,23.0,27.0,Approved,Y,N,0,Manager,Legal
CT-100147,Employment,Procurement,EMEA,11331,668,Monthly,1,0,2023-04-14,2023-04-15,2023-05-01,2023-05-04,16.0,20.0,Approved,Y,N,0,Analyst,Procurement
CT-100148,MSA,Legal,India,1939805,367,Quarterly,2,3,2023-02-22,2023-02-26,2023-03-27,2023-03-30,29.0,36.0,Approved,Y,N,0,Partner,Legal
CT-100149,NDA,HR,APAC,17474,180,Monthly,0,0,2022-09-19,2022-09-24,2022-10-06,2022-10-06,12.0,17.0,Approved,N,N,1,Analyst,Finance
CT-100150,MSA,Legal,India,113804,491,Quarterly,0,0,2022-04-18,2022-04-18,2022-05-11,2022-05-11,23.0,23.0,Approved,Y,N,1,Analyst,Procurement
CT-100151,SOW,Consulting,India,934766,421,On Delivery,0,1,2022-02-04,2022-02-05,2022-02-22,2022-02-24,17.0,20.0,Approved,Y,N,1,Analyst,Finance
CT-100152,MSA,HR,India,494726,421,On Delivery,0,0,2022-03-16,2022-03-16,2022-04-09,2022-04-09,24.0,24.0,Approved,Y,N,1,Partner,Compliance
CT-100153,SOW,Audit,APAC,173634,891,On Delivery,0,0,2022-04-23,2022-04-24,2022-05-03,2022-05-06,9.0,13.0,Approved,N,N,1,Manager,Finance
CT-100154,Vendor,Tax,APAC,113148,328,Net30,2,0,2022-02-05,2022-02-05,2022-02-22,2022-02-24,17.0,19.0,Approved,Y,N,0,HR Exec,Legal
CT-100155,SOW,Tax,India,121174,254,On Delivery,0,0,2022-04-07,2022-04-07,2022-04-23,2022-04-26,16.0,19.0,Approved,N,Y,1,Analyst,Finance
CT-100156,SOW,Legal,APAC,133024,372,Monthly,1,1,2022-07-06,2022-07-09,2022-08-06,2022-08-09,28.0,34.0,Approved,Y,N,0,Analyst,Compliance
CT-100157,SOW,Procurement,US,141498,234,On Delivery,0,0,2022-06-11,2022-06-17,2022-07-05,2022-07-11,18.0,30.0,Approved,Y,N,1,Manager,Compliance
CT-100158,NDA,Procurement,India,20775,340,On Delivery,0,1,2022-10-23,2022-10-23,2022-11-01,2022-11-06,9.0,14.0,Approved,Y,N,1,HR Exec,Legal
CT-100159,MSA,Consulting,India,1447397,627,On Delivery,0,3,2023-03-18,2023-03-20,2023-04-19,2023-04-25,30.0,38.0,Approved,N,Y,1,Manager,Legal
CT-100160,Vendor,HR,India,311059,223,Monthly,0,0,2022-05-03,2022-05-03,2022-05-20,2022-05-25,17.0,22.0,Approved,N,N,1,HR Exec,Compliance
CT-100161,MSA,Procurement,EMEA,830164,82,Monthly,1,1,2022-02-16,2022-02-16,2022-03-18,2022-03-20,30.0,32.0,Approved,N,N,0,HR Exec,Procurement
CT-100162,MSA,HR,India,3176855,293,Quarterly,1,1,2022-04-15,2022-04-21,2022-05-14,2022-05-16,23.0,31.0,Approved,N,Y,0,Analyst,Finance
CT-100163,SOW,Procurement,India,312152,178,Net30,2,0,2022-03-16,2022-03-18,2022-03-31,2022-04-05,13.0,20.0,Approved,N,Y,0,HR Exec,Procurement
CT-100164,Vendor,Legal,India,92952,492,Net30,0,0,2022-06-11,2022-06-13,2022-06-27,2022-06-30,14.0,19.0,Approved,N,N,1,Manager,Legal
CT-100165,SOW,Consulting,India,49743,461,On Delivery,0,0,2022-02-06,2022-02-08,2022-02-28,2022-03-02,20.0,24.0,Approved,Y,N,1,Analyst,Procurement
CT-100166,SOW,Audit,APAC,271023,117,Monthly,2,1,2022-06-05,2022-06-05,2022-07-02,2022-07-07,27.0,32.0,Approved,Y,N,0,HR Exec,Finance
CT-100167,SOW,Procurement,APAC,404010,363,Quarterly,1,0,2022-10-17,2022-10-22,2022-11-10,2022-11-15,19.0,29.0,Approved,Y,N,0,Analyst,Legal
CT-100168,NDA,Audit,India,50022,589,Net30,1,0,2022-11-10,2022-11-12,2022-11-21,2022-11-23,9.0,13.0,Approved,Y,N,0,Analyst,Finance
CT-100169,NDA,Audit,US,27565,534,Quarterly,1,1,2022-04-05,2022-04-06,2022-04-28,2022-04-28,22.0,23.0,Approved,Y,N,0,Analyst,Compliance
CT-100170,Vendor,HR,India,71221,526,On Delivery,0,0,2022-08-05,2022-08-10,2022-08-25,2022-08-27,15.0,22.0,Approved,Y,N,1,Analyst,Procurement
CT-100171,MSA,Audit,EMEA,1434705,477,Quarterly,0,3,2022-02-13,2022-02-15,2022-03-19,2022-03-25,32.0,40.0,Approved,N,N,1,Manager,Finance
CT-100172,MSA,Procurement,EMEA,2176016,212,Monthly,0,1,2023-04-22,2023-04-22,2023-05-11,2023-05-14,19.0,22.0,Approved,Y,N,1,HR Exec,Finance
CT-100173,Employment,Consulting,India,28161,525,Net30,1,0,2022-02-12,2022-02-12,2022-02-25,2022-03-02,13.0,18.0,Approved,N,N,0,Analyst,Procurement
CT-100174,Vendor,HR,India,310089,282,Monthly,0,1,2022-06-12,2022-06-13,2022-07-01,2022-07-03,18.0,21.0,Approved,N,Y,1,HR Exec,Procurement
CT-100175,NDA,Audit,EMEA,58062,88,Monthly,0,1,2022-10-03,2022-10-06,2022-10-22,2022-10-24,16.0,21.0,Approved,Y,N,1,Analyst,Compliance
CT-100176,Vendor,Legal,APAC,88916,559,Monthly,0,1,2022-10-15,2022-10-15,2022-11-10,2022-11-17,26.0,33.0,Approved,Y,N,1,Manager,Legal
CT-100177,NDA,Tax,India,16020,640,Monthly,2,1,2022-02-17,2022-02-22,2022-03-14,2022-03-16,20.0,27.0,Approved,Y,N,0,Manager,Finance
CT-100178,SOW,Tax,India,74331,718,On Delivery,1,0,2022-07-22,2022-07-24,2022-08-06,2022-08-09,13.0,18.0,Approved,Y,N,0,HR Exec,Finance
CT-100179,SOW,Audit,EMEA,1050727,518,Net30,2,2,2022-06-20,2022-06-23,2022-07-19,2022-07-21,26.0,31.0,Approved,Y,N,0,Analyst,Finance
CT-100180,Employment,HR,US,46983,424,Monthly,2,1,2022-11-21,2022-11-25,2022-12-11,2022-12-15,16.0,24.0,Approved,N,Y,0,Analyst,Compliance
CT-100181,MSA,HR,EMEA,413488,230,Monthly,0,0,2022-05-07,2022-05-07,2022-05-25,2022-05-27,18.0,20.0,Approved,Y,N,1,Partner,Finance
CT-100182,NDA,Procurement,India,58656,296,Monthly,1,0,2022-11-28,2022-11-28,2022-12-10,2022-12-11,12.0,13.0,Approved,Y,N,0,Analyst,Compliance
CT-100183,Vendor,Legal,EMEA,216144,173,Quarterly,0,1,2022-05-14,2022-05-15,2022-06-03,2022-06-05,19.0,22.0,Approved,Y,N,1,Manager,Procurement
CT-100184,MSA,HR,EMEA,236517,290,Quarterly,3,0,2022-05-15,2022-05-19,2022-06-13,2022-06-19,25.0,35.0,Approved,Y,N,0,HR Exec,Finance
CT-100185,SOW,HR,India,494092,370,Net30,1,1,2023-02-12,2023-02-15,2023-03-05,2023-03-06,18.0,22.0,Approved,N,Y,0,HR Exec,Compliance
CT-100186,SOW,Audit,US,100581,613,Quarterly,0,1,2023-07-14,2023-07-21,2023-08-08,2023-08-12,18.0,29.0,Approved,Y,N,1,Legal Exec,Compliance
CT-100187,SOW,Legal,APAC,3387075,477,On Delivery,1,0,2022-04-05,2022-04-05,2022-04-21,2022-04-22,16.0,17.0,Approved,N,N,0,Manager,Compliance
CT-100188,SOW,Tax,APAC,63562,520,On Delivery,0,2,2022-09-04,2022-09-10,2022-10-09,2022-10-11,29.0,37.0,Approved,Y,N,1,Analyst,Compliance
CT-100189,Employment,Audit,EMEA,56102,201,Monthly,4,1,2022-05-06,2022-05-08,2022-05-15,,7.0,,Rejected,Y,N,0,Analyst,Compliance
CT-100190,SOW,Consulting,India,1053049,567,Net30,1,2,2022-01-19,2022-01-21,2022-02-10,2022-02-10,20.0,22.0,Approved,Y,N,0,Analyst,Compliance
CT-100191,SOW,Consulting,APAC,78381,199,On Delivery,1,0,2023-05-04,2023-05-04,2023-05-12,2023-05-13,8.0,9.0,Approved,N,Y,0,Analyst,Procurement
CT-100192,MSA,Consulting,India,43640,368,Net30,1,0,2022-02-06,2022-02-08,2022-03-05,2022-03-06,25.0,28.0,Approved,Y,N,0,HR Exec,Compliance
CT-100193,SOW,Legal,India,223498,495,Monthly,0,0,2022-01-25,2022-01-30,2022-02-16,2022-02-18,17.0,24.0,Approved,N,Y,1,Analyst,Procurement
CT-100194,SOW,Consulting,EMEA,511354,391,Net30,1,1,2022-08-18,2022-08-21,2022-09-12,2022-09-17,22.0,30.0,Approved,Y,N,0,Analyst,Procurement
CT-100195,Vendor,HR,APAC,1584366,404,Quarterly,1,0,2022-02-28,2022-03-01,2022-03-06,,5.0,,Rejected,Y,N,0,HR Exec,Finance
CT-100196,Vendor,HR,APAC,59662,299,Net30,2,0,2022-04-21,2022-04-24,2022-05-11,2022-05-15,17.0,24.0,Approved,Y,N,0,Manager,Finance
CT-100197,SOW,Consulting,India,17350,550,Net30,1,0,2022-04-01,2022-04-01,2022-04-21,2022-04-21,20.0,20.0,Approved,N,Y,0,Analyst,Legal
CT-100198,NDA,Procurement,India,2138,30,Net30,0,2,2022-01-07,2022-01-07,2022-01-15,2022-01-16,8.0,9.0,Approved,N,N,1,Manager,Legal
CT-100199,SOW,HR,India,338493,393,On Delivery,0,0,2022-06-09,2022-06-14,2022-06-26,2022-06-26,12.0,17.0,Approved,Y,N,1,Analyst,Legal
CT-100200,MSA,Legal,India,214857,237,Quarterly,0,1,2022-02-19,2022-02-19,2022-03-24,2022-03-27,33.0,36.0,Approved,N,Y,1,Analyst,Finance
CT-100201,Vendor,HR,US,842806,622,Quarterly,1,1,2022-09-20,2022-09-21,2022-10-12,2022-10-14,21.0,24.0,Approved,Y,N,0,HR Exec,Procurement
CT-100202,MSA,Audit,APAC,2455889,486,Monthly,0,1,2024-02-06,2024-02-06,2024-03-02,2024-03-05,25.0,28.0,Approved,Y,N,1,HR Exec,Finance
CT-100203,SOW,Legal,EMEA,177748,304,On Delivery,1,1,2022-07-14,2022-07-14,2022-08-01,2022-08-03,18.0,20.0,Approved,Y,N,0,Partner,Finance
CT-100204,Vendor,Legal,India,108424,553,Monthly,0,0,2022-12-27,2023-01-02,2023-01-22,2023-01-24,20.0,28.0,Approved,Y,N,1,Analyst,Legal
CT-100205,SOW,Tax,India,130757,370,On Delivery,0,0,2022-06-27,2022-06-30,2022-07-15,2022-07-15,15.0,18.0,Approved,N,Y,1,Manager,Procurement
CT-100206,SOW,Procurement,EMEA,499475,258,Monthly,2,1,2023-02-14,2023-02-17,2023-02-28,2023-03-02,11.0,16.0,Approved,Y,N,0,Analyst,Finance
CT-100207,SOW,Procurement,EMEA,132411,334,Monthly,0,0,2022-08-16,2022-08-22,2022-09-03,2022-09-07,12.0,22.0,Approved,N,Y,1,Analyst,Compliance
CT-100208,NDA,HR,APAC,26224,457,Net30,0,0,2022-09-25,2022-09-29,2022-10-13,2022-10-13,14.0,18.0,Approved,N,Y,1,Legal Exec,Compliance
CT-100209,SOW,Tax,APAC,99546,493,Quarterly,1,0,2022-03-22,2022-03-27,2022-04-13,2022-04-17,17.0,26.0,Approved,Y,N,0,Partner,Finance
CT-100210,MSA,HR,India,1094356,193,On Delivery,0,1,2022-01-27,2022-01-27,2022-02-17,2022-02-21,21.0,25.0,Approved,Y,N,1,Manager,Procurement
CT-100211,SOW,HR,India,67348,494,On Delivery,0,1,2022-02-19,2022-02-24,2022-02-28,,4.0,,Rejected,N,Y,1,Analyst,Legal
CT-100212,NDA,Consulting,India,4381,378,Quarterly,0,0,2022-03-12,2022-03-13,2022-03-23,2022-03-26,10.0,14.0,Approved,Y,N,1,Manager,Procurement
CT-100213,MSA,Legal,India,61748,555,Net30,0,0,2022-09-08,2022-09-10,2022-09-26,2022-09-30,16.0,22.0,Approved,Y,N,1,HR Exec,Compliance
CT-100214,SOW,Procurement,India,579396,482,On Delivery,1,1,2022-08-07,2022-08-07,2022-08-20,2022-08-24,13.0,17.0,Approved,N,N,0,Manager,Legal
CT-100215,Vendor,Tax,India,327992,30,Monthly,0,2,2023-04-04,2023-04-09,2023-05-02,2023-05-04,23.0,30.0,Approved,Y,N,1,Analyst,Compliance
CT-100216,Employment,Tax,APAC,5000,594,Monthly,0,0,2022-08-12,2022-08-15,2022-08-21,2022-08-26,6.0,14.0,Approved,Y,N,1,Manager,Procurement
CT-100217,NDA,HR,EMEA,36311,560,On Delivery,1,0,2022-03-08,2022-03-16,2022-03-23,2022-03-25,7.0,17.0,Approved,Y,N,0,Manager,Procurement
CT-100218,NDA,Tax,APAC,13598,86,On Delivery,1,1,2022-02-28,2022-03-02,2022-03-21,2022-03-21,19.0,21.0,Approved,Y,N,0,Manager,Procurement
CT-100219,SOW,Procurement,US,547349,499,Monthly,1,4,2023-11-11,2023-11-14,2023-12-13,2023-12-17,29.0,36.0,Approved,N,Y,0,Manager,Legal
CT-100220,MSA,Legal,India,34930,364,Monthly,0,2,2024-04-30,2024-04-30,2024-05-26,2024-06-02,26.0,33.0,Approved,Y,N,1,Manager,Legal
CT-100221,Employment,Consulting,India,53635,57,Monthly,1,0,2022-08-14,2022-08-16,2022-08-26,2022-08-28,10.0,14.0,Approved,Y,N,0,Analyst,Procurement
CT-100222,Vendor,Audit,APAC,99802,523,Monthly,0,1,2023-02-12,2023-02-19,2023-03-17,2023-03-17,26.0,33.0,Approved,Y,N,1,Manager,Finance
CT-100223,SOW,Tax,EMEA,123362,488,Monthly,0,1,2024-05-30,2024-05-30,2024-06-11,2024-06-11,12.0,12.0,Approved,N,Y,1,HR Exec,Finance
CT-100224,Vendor,Legal,APAC,50077,516,Monthly,0,0,2022-03-28,2022-03-28,2022-04-15,2022-04-18,18.0,21.0,Approved,Y,N,1,Analyst,Finance
CT-100225,SOW,Consulting,EMEA,118472,119,Monthly,0,0,2022-01-15,2022-01-15,2022-01-19,,4.0,,Rejected,Y,N,1,Analyst,Legal
CT-100226,NDA,Procurement,EMEA,40997,454,Monthly,1,0,2022-07-16,2022-07-19,2022-07-29,2022-08-02,10.0,17.0,Approved,N,N,0,HR Exec,Procurement
CT-100227,Vendor,HR,India,577610,860,Net30,0,0,2022-01-25,2022-01-25,2022-02-14,2022-02-14,20.0,20.0,Approved,N,N,1,Partner,Finance
CT-100228,MSA,Consulting,India,42873,393,On Delivery,0,1,2022-03-09,2022-03-09,2022-03-29,2022-04-02,20.0,24.0,Approved,N,Y,1,Manager,Procurement
CT-100229,MSA,Legal,US,1074882,375,Monthly,0,0,2022-01-11,2022-01-11,2022-02-05,2022-02-10,25.0,30.0,Approved,Y,N,1,Manager,Compliance
CT-100230,Vendor,Tax,India,73237,385,On Delivery,0,1,2022-07-09,2022-07-11,2022-07-29,2022-08-02,18.0,24.0,Approved,Y,N,1,Analyst,Finance
CT-100231,SOW,Audit,US,84058,738,On Delivery,1,0,2022-07-20,2022-07-20,2022-07-21,,1.0,,Rejected,N,N,0,Manager,Legal
CT-100232,NDA,Consulting,APAC,13317,254,Monthly,0,1,2022-05-09,2022-05-09,2022-05-22,2022-05-24,13.0,15.0,Approved,Y,N,1,Analyst,Procurement
CT-100233,NDA,Procurement,India,65470,317,Monthly,1,0,2022-04-18,2022-04-19,2022-04-21,,2.0,,Rejected,Y,N,0,Manager,Procurement
CT-100234,MSA,Procurement,India,625829,123,Quarterly,0,0,2022-03-17,2022-03-21,2022-04-15,2022-04-18,25.0,32.0,Approved,Y,N,1,Analyst,Legal
CT-100235,SOW,HR,EMEA,42398,30,Quarterly,1,1,2022-09-14,2022-09-18,,,,,Pending,Y,N,0,Manager,Procurement
CT-100236,NDA,Consulting,India,12969,201,Monthly,1,3,2022-01-04,2022-01-04,2022-01-27,2022-01-29,23.0,25.0,Approved,Y,N,0,Analyst,Legal
CT-100237,SOW,Procurement,India,134430,38,Net30,0,0,2022-08-17,2022-08-17,2022-09-01,2022-09-05,15.0,19.0,Approved,Y,N,1,Analyst,Legal
CT-100238,Vendor,Consulting,India,100516,337,Monthly,1,2,2022-02-01,2022-02-01,2022-02-21,2022-02-24,20.0,23.0,Approved,N,N,0,HR Exec,Compliance
CT-100239,Vendor,Tax,EMEA,124358,93,Monthly,0,0,2022-02-27,2022-02-27,2022-03-19,2022-03-20,20.0,21.0,Approved,N,N,1,Partner,Legal
CT-100240,Employment,Audit,US,27312,586,Quarterly,1,0,2022-03-16,2022-03-19,2022-04-02,2022-04-07,14.0,22.0,Approved,N,N,0,HR Exec,Procurement
CT-100241,Vendor,Consulting,US,35974,228,On Delivery,1,0,2023-01-28,2023-01-30,2023-02-19,2023-02-23,20.0,26.0,Approved,Y,N,0,Analyst,Legal
CT-100242,MSA,Procurement,US,199813,66,On Delivery,1,0,2022-01-30,2022-01-30,2022-02-25,2022-03-01,26.0,30.0,Approved,Y,N,0,Manager,Finance
CT-100243,Employment,Consulting,India,42462,375,Net30,1,0,2022-03-01,2022-03-04,2022-03-10,2022-03-13,6.0,12.0,Approved,Y,N,0,Analyst,Legal
CT-100244,SOW,Tax,India,210616,263,Quarterly,0,0,2022-11-04,2022-11-07,2022-11-21,2022-11-21,14.0,17.0,Approved,N,N,1,Analyst,Finance
CT-100245,MSA,Consulting,India,372818,323,Monthly,0,0,2022-02-19,2022-02-22,2022-03-15,2022-03-19,21.0,28.0,Approved,Y,N,1,Manager,Legal
CT-100246,SOW,Consulting,India,11938,397,Monthly,1,0,2022-01-08,2022-01-09,2022-01-24,2022-01-30,15.0,22.0,Approved,Y,N,0,HR Exec,Compliance
CT-100247,NDA,Legal,EMEA,19823,414,Quarterly,2,3,2022-09-03,2022-09-04,2022-09-25,2022-09-26,21.0,23.0,Approved,N,Y,0,Analyst,Legal
CT-100248,SOW,Tax,India,55353,30,Net30,2,1,2022-09-04,2022-09-08,2022-10-01,2022-10-02,23.0,28.0,Approved,Y,N,0,Partner,Legal
CT-100249,Vendor,Procurement,India,38712,348,On Delivery,0,0,2022-05-12,2022-05-12,2022-05-28,2022-05-30,16.0,18.0,Approved,Y,N,1,HR Exec,Compliance
CT-100250,SOW,HR,India,30753,76,Quarterly,0,1,2022-03-16,2022-03-22,2022-04-07,2022-04-10,16.0,25.0,Approved,Y,N,1,Analyst,Legal
CT-100251,SOW,Audit,India,38764,527,Net30,0,1,2022-12-20,2022-12-25,2023-01-22,2023-01-25,28.0,36.0,Approved,N,N,1,Manager,Legal
CT-100252,Employment,Tax,EMEA,59421,404,Net30,1,3,2022-06-10,2022-06-10,2022-06-25,2022-06-29,15.0,19.0,Approved,Y,N,0,Manager,Finance
CT-100253,Vendor,Consulting,India,185124,31,Monthly,0,0,2022-02-14,2022-02-14,2022-02-28,2022-03-02,14.0,16.0,Approved,N,Y,1,Analyst,Legal
CT-100254,SOW,Legal,India,161385,326,Monthly,0,1,2023-11-07,2023-11-10,2023-11-27,2023-12-03,17.0,26.0,Approved,Y,N,1,Analyst,Legal
CT-100255,NDA,Consulting,India,406044,231,Net30,1,1,2022-03-01,2022-03-06,2022-03-15,2022-03-17,9.0,16.0,Approved,Y,N,0,Analyst,Procurement
CT-100256,NDA,Procurement,India,40371,513,Monthly,0,0,2022-09-16,2022-09-19,2022-10-01,2022-10-01,12.0,15.0,Approved,Y,N,1,Analyst,Finance
CT-100257,MSA,Consulting,India,2113515,336,Quarterly,0,3,2022-01-24,2022-01-24,2022-02-05,,12.0,,Rejected,Y,N,1,Manager,Finance
CT-100258,Employment,Legal,EMEA,95285,487,On Delivery,1,0,2022-01-12,2022-01-13,2022-01-27,2022-01-30,14.0,18.0,Approved,N,N,0,Analyst,Procurement
CT-100259,Vendor,HR,India,76102,437,Quarterly,0,0,2022-01-23,2022-01-24,2022-02-09,2022-02-14,16.0,22.0,Approved,Y,N,1,Manager,Procurement
CT-100260,Vendor,Tax,India,847256,167,Monthly,2,0,2022-01-31,2022-02-02,2022-02-16,2022-02-19,14.0,19.0,Approved,N,Y,0,Analyst,Finance
CT-100261,Employment,HR,India,53913,601,Monthly,2,0,2022-02-08,2022-02-10,2022-02-26,2022-03-03,16.0,23.0,Approved,Y,N,0,Analyst,Finance
CT-100262,NDA,Procurement,APAC,141855,660,Quarterly,0,0,2022-05-27,2022-05-30,2022-06-08,2022-06-14,9.0,18.0,Approved,Y,N,1,Analyst,Legal
CT-100263,SOW,Legal,US,64245,365,Monthly,1,1,2023-05-22,2023-05-26,2023-06-17,2023-06-19,22.0,28.0,Approved,Y,N,0,Legal Exec,Procurement
CT-100264,SOW,Consulting,India,6341,251,Monthly,0,1,2022-02-13,2022-02-19,2022-03-08,2022-03-13,17.0,28.0,Approved,Y,N,1,Analyst,Finance
CT-100265,NDA,Tax,APAC,29361,31,Monthly,0,0,2022-01-21,2022-01-25,2022-02-11,2022-02-15,17.0,25.0,Approved,Y,N,1,Analyst,Compliance
CT-100266,SOW,Consulting,India,52044,329,Monthly,0,0,2022-01-14,2022-01-14,2022-01-26,2022-01-29,12.0,15.0,Approved,N,N,1,HR Exec,Procurement
CT-100267,SOW,Procurement,India,212915,290,Monthly,2,1,2022-09-12,2022-09-16,2022-10-05,2022-10-05,19.0,23.0,Approved,Y,N,0,Analyst,Compliance
CT-100268,MSA,HR,EMEA,73214,338,On Delivery,0,0,2022-05-07,2022-05-07,2022-05-25,2022-05-31,18.0,24.0,Approved,Y,N,1,Analyst,Procurement
CT-100269,MSA,Consulting,India,45020,519,Monthly,1,3,2022-04-01,2022-04-03,2022-05-04,2022-05-07,31.0,36.0,Approved,N,N,0,Analyst,Legal
CT-100270,SOW,Procurement,India,66874,249,Net30,1,0,2022-04-14,2022-04-17,2022-04-29,2022-05-02,12.0,18.0,Approved,Y,N,0,Analyst,Finance
CT-100271,MSA,Consulting,India,4708603,219,Net30,0,1,2022-08-06,2022-08-06,,,,,Pending,Y,N,1,Partner,Procurement
CT-100272,Vendor,Consulting,APAC,578053,386,Monthly,1,1,2022-05-25,2022-05-26,2022-06-16,2022-06-21,21.0,27.0,Approved,N,Y,0,HR Exec,Finance
CT-100273,MSA,HR,EMEA,1511085,439,Net30,0,0,2022-01-07,2022-01-10,2022-01-30,2022-01-31,20.0,24.0,Approved,Y,N,1,HR Exec,Compliance
CT-100274,MSA,Audit,India,64111,694,Net30,0,0,2022-01-16,2022-01-18,2022-01-21,,3.0,,Rejected,Y,N,1,Analyst,Finance
CT-100275,MSA,Legal,India,697110,701,Monthly,2,0,2022-01-10,2022-01-14,2022-02-10,2022-02-11,27.0,32.0,Approved,Y,N,0,Manager,Compliance
CT-100276,MSA,Audit,India,660733,526,On Delivery,0,1,2023-06-19,2023-06-21,2023-07-16,2023-07-17,25.0,28.0,Approved,Y,N,1,Analyst,Legal
CT-100277,SOW,Consulting,US,185840,252,Monthly,0,0,2022-05-23,2022-05-23,2022-06-02,2022-06-06,10.0,14.0,Approved,N,Y,1,HR Exec,Compliance
CT-100278,NDA,Legal,India,5657,373,Monthly,0,0,2022-08-25,2022-08-28,2022-09-11,2022-09-11,14.0,17.0,Approved,Y,N,1,Legal Exec,Legal
CT-100279,SOW,HR,APAC,218175,91,On Delivery,0,1,2022-04-03,2022-04-03,2022-04-21,2022-04-26,18.0,23.0,Approved,Y,N,1,Partner,Finance
CT-100280,Vendor,Procurement,EMEA,107284,228,Quarterly,0,0,2022-07-28,2022-07-28,2022-08-03,2022-08-07,6.0,10.0,Approved,N,Y,1,Manager,Procurement
CT-100281,MSA,Legal,APAC,151372,311,Monthly,1,0,2022-07-03,2022-07-07,2022-08-12,2022-08-16,36.0,44.0,Approved,Y,N,0,Analyst,Compliance
CT-100282,SOW,HR,India,109783,439,Monthly,2,2,2022-05-28,2022-05-28,,,,,Pending,N,Y,0,Analyst,Finance
CT-100283,SOW,Legal,US,331190,235,On Delivery,1,0,2023-07-10,2023-07-10,2023-07-16,,6.0,,Rejected,Y,N,0,Analyst,Finance
CT-100284,SOW,Consulting,India,424757,533,Monthly,0,0,2023-02-07,2023-02-08,2023-02-26,2023-02-27,18.0,20.0,Approved,Y,N,1,Analyst,Legal
CT-100285,Vendor,Legal,India,832231,168,Monthly,2,0,2022-02-08,2022-02-11,2022-03-06,2022-03-11,23.0,31.0,Approved,N,N,0,HR Exec,Compliance
CT-100286,Employment,Consulting,India,72806,814,Quarterly,0,0,2022-06-18,2022-06-25,2022-07-04,2022-07-06,9.0,18.0,Approved,Y,N,1,Analyst,Legal
CT-100287,MSA,Consulting,India,5238728,284,Quarterly,1,1,2022-03-14,2022-03-16,2022-04-05,2022-04-09,20.0,26.0,Approved,Y,N,0,Analyst,Procurement
CT-100288,NDA,HR,India,19692,501,Net30,0,1,2022-03-12,2022-03-12,2022-03-18,2022-03-21,6.0,9.0,Approved,Y,N,1,Manager,Legal
CT-100289,MSA,Tax,US,169129,176,On Delivery,1,1,2022-04-28,2022-04-29,2022-05-29,2022-05-31,30.0,33.0,Approved,Y,N,0,Manager,Procurement
CT-100290,SOW,Procurement,India,31311,69,On Delivery,1,1,2022-02-20,2022-02-20,2022-02-27,,7.0,,Rejected,Y,N,0,Manager,Procurement
CT-100291,Employment,Consulting,EMEA,57178,119,Monthly,0,0,2022-12-15,2022-12-18,2022-12-27,2023-01-01,9.0,17.0,Approved,Y,N,1,Analyst,Legal
CT-100292,SOW,Legal,US,323893,496,On Delivery,0,0,2022-03-26,2022-03-26,2022-03-30,,4.0,,Rejected,N,N,1,Manager,Finance
CT-100293,MSA,Legal,US,875061,232,On Delivery,0,0,2022-07-19,2022-07-19,2022-08-20,2022-08-23,32.0,35.0,Approved,Y,N,1,Manager,Finance
CT-100294,NDA,HR,India,114654,418,Monthly,0,0,2022-12-09,2022-12-09,2022-12-13,2022-12-18,4.0,9.0,Approved,N,N,1,Analyst,Procurement
CT-100295,SOW,Audit,India,1497391,518,Net30,1,0,2022-12-02,2022-12-05,2022-12-30,2023-01-04,25.0,33.0,Approved,N,Y,0,Manager,Compliance
CT-100296,Employment,HR,APAC,53990,350,Monthly,1,1,2022-02-23,2022-02-27,2022-03-12,2022-03-15,13.0,20.0,Approved,N,Y,0,Manager,Finance
CT-100297,Vendor,Consulting,India,1140081,360,Net30,1,0,2024-04-06,2024-04-11,2024-04-29,2024-05-04,18.0,28.0,Approved,Y,N,0,HR Exec,Finance
CT-100298,Employment,HR,APAC,30312,470,Quarterly,0,0,2022-12-08,2022-12-12,2022-12-13,2022-12-15,1.0,7.0,Approved,Y,N,1,Manager,Legal
CT-100299,SOW,HR,India,53542,251,Monthly,0,0,2022-02-19,2022-02-19,2022-03-05,2022-03-05,14.0,14.0,Approved,Y,N,1,Analyst,Procurement
CT-100300,NDA,Tax,APAC,22681,302,Net30,0,0,2023-01-25,2023-01-26,2023-02-11,2023-02-14,16.0,20.0,Approved,Y,N,1,Analyst,Compliance
CT-100301,SOW,Procurement,India,64086,278,Net30,0,0,2022-02-05,2022-02-13,2022-02-23,2022-02-23,10.0,18.0,Approved,Y,N,1,Analyst,Legal
CT-100302,Vendor,Tax,APAC,1149372,75,Monthly,0,4,2022-03-03,2022-03-05,2022-04-03,2022-04-05,29.0,33.0,Approved,N,N,1,Analyst,Finance
CT-100303,MSA,Audit,India,818698,284,Monthly,0,2,2022-02-06,2022-02-11,2022-03-10,2022-03-12,27.0,34.0,Approved,Y,N,1,HR Exec,Finance
CT-100304,MSA,Procurement,India,2039000,530,Monthly,0,1,2022-03-31,2022-04-02,2022-04-26,2022-05-01,24.0,31.0,Approved,Y,N,1,HR Exec,Legal
CT-100305,Vendor,Tax,APAC,111511,168,Monthly,0,1,2022-02-17,2022-02-18,2022-03-07,2022-03-12,17.0,23.0,Approved,N,N,1,HR Exec,Legal
CT-100306,MSA,Tax,India,581068,309,Quarterly,0,0,2022-04-20,2022-04-20,2022-05-17,2022-05-20,27.0,30.0,Approved,Y,N,1,Analyst,Procurement
CT-100307,SOW,Consulting,India,739569,473,On Delivery,0,0,2022-02-15,2022-02-15,2022-02-24,2022-03-01,9.0,14.0,Approved,Y,N,1,Manager,Legal
CT-100308,Vendor,Audit,India,349686,655,Quarterly,0,0,2022-02-26,2022-02-27,2022-03-19,2022-03-23,20.0,25.0,Approved,Y,N,1,Analyst,Finance
CT-100309,Employment,Procurement,India,93099,240,Monthly,0,2,2022-05-26,2022-05-30,2022-06-11,2022-06-15,12.0,20.0,Approved,N,Y,1,Manager,Compliance
CT-100310,SOW,HR,EMEA,561894,646,Net30,0,0,2022-02-27,2022-03-03,2022-03-20,2022-03-21,17.0,22.0,Approved,Y,N,1,Analyst,Finance
CT-100311,SOW,Tax,India,23716,312,Monthly,1,0,2022-07-14,2022-07-16,2022-07-30,2022-07-30,14.0,16.0,Approved,Y,N,0,HR Exec,Finance
CT-100312,MSA,HR,India,1021828,463,Monthly,2,1,2022-02-02,2022-02-11,,,,,Pending,N,Y,0,Analyst,Finance
CT-100313,Vendor,Tax,US,545026,458,Monthly,0,0,2022-05-19,2022-05-21,2022-06-06,2022-06-06,16.0,18.0,Approved,Y,N,1,Analyst,Legal
CT-100314,SOW,Consulting,India,153299,591,Quarterly,0,0,2022-01-26,2022-01-30,2022-02-15,2022-02-18,16.0,23.0,Approved,N,N,1,Manager,Procurement
CT-100315,SOW,HR,India,186736,397,Monthly,0,0,2022-01-04,2022-01-07,2022-01-20,2022-01-22,13.0,18.0,Approved,Y,N,1,Partner,Finance
CT-100316,SOW,HR,APAC,90535,329,Monthly,1,0,2022-05-22,2022-05-22,2022-06-08,2022-06-11,17.0,20.0,Approved,N,Y,0,Analyst,Compliance
CT-100317,MSA,Consulting,EMEA,60002,188,Quarterly,1,1,2022-03-23,2022-03-24,2022-04-17,2022-04-19,24.0,27.0,Approved,Y,N,0,Analyst,Procurement
CT-100318,Vendor,Legal,India,35710,456,Monthly,0,0,2022-05-03,2022-05-04,,,,,Pending,Y,N,1,Partner,Legal
CT-100319,Vendor,Procurement,India,356039,301,Net30,0,1,2023-04-18,2023-04-21,2023-05-11,2023-05-13,20.0,25.0,Approved,Y,N,1,HR Exec,Finance
CT-100320,Vendor,Tax,US,20965,424,On Delivery,2,1,2022-01-25,2022-01-28,2022-02-23,2022-02-25,26.0,31.0,Approved,Y,N,0,Partner,Finance
CT-100321,SOW,HR,India,65479,329,Net30,1,1,2022-01-23,2022-01-23,2022-02-11,2022-02-14,19.0,22.0,Approved,Y,N,0,Manager,Compliance
CT-100322,SOW,HR,APAC,462729,535,Monthly,1,0,2022-02-27,2022-02-27,2022-03-12,2022-03-13,13.0,14.0,Approved,N,N,0,Manager,Compliance
CT-100323,Vendor,HR,India,195066,521,Monthly,0,1,2022-11-21,2022-11-21,2022-12-07,2022-12-11,16.0,20.0,Approved,Y,N,1,Manager,Finance
CT-100324,Employment,Tax,APAC,51071,539,Monthly,2,0,2022-11-08,2022-11-12,2022-11-27,2022-11-30,15.0,22.0,Approved,Y,N,0,Analyst,Legal
CT-100325,Vendor,HR,EMEA,20137,276,Monthly,1,0,2022-05-20,2022-05-21,2022-06-07,2022-06-09,17.0,20.0,Approved,N,Y,0,Analyst,Procurement
CT-100326,Vendor,Procurement,India,388306,206,Quarterly,0,0,2022-02-11,2022-02-15,2022-03-04,2022-03-06,17.0,23.0,Approved,Y,N,1,HR Exec,Compliance
CT-100327,Vendor,Consulting,US,54847,713,Monthly,0,1,2023-02-03,2023-02-03,2023-02-24,2023-02-26,21.0,23.0,Approved,Y,N,1,Analyst,Finance
CT-100328,NDA,Procurement,APAC,105982,423,Quarterly,1,0,2022-04-07,2022-04-07,2022-04-11,,4.0,,Rejected,N,N,0,Manager,Finance
CT-100329,Vendor,Consulting,India,86521,583,Monthly,0,1,2022-07-19,2022-07-24,,,,,Pending,Y,N,1,Manager,Compliance
CT-100330,MSA,Legal,APAC,112609,198,Net30,1,1,2022-07-12,2022-07-12,2022-08-21,2022-08-25,40.0,44.0,Approved,Y,N,0,Legal Exec,Compliance
CT-100331,NDA,Audit,India,73970,925,Monthly,1,0,2022-05-04,2022-05-04,2022-05-15,2022-05-17,11.0,13.0,Approved,Y,N,0,Analyst,Compliance
CT-100332,NDA,Audit,EMEA,123971,366,Monthly,1,2,2023-08-04,2023-08-05,2023-08-24,2023-08-27,19.0,23.0,Approved,Y,N,0,Analyst,Procurement
CT-100333,Vendor,Consulting,EMEA,36925,590,Net30,1,0,2022-09-28,2022-09-30,,,,,Pending,Y,N,0,Analyst,Finance
CT-100334,MSA,Legal,EMEA,1033875,60,Monthly,0,3,2022-05-18,2022-05-18,2022-06-12,2022-06-14,25.0,27.0,Approved,N,Y,1,HR Exec,Procurement
CT-100335,SOW,Legal,APAC,229364,534,Monthly,0,0,2022-04-08,2022-04-08,2022-04-25,2022-04-28,17.0,20.0,Approved,Y,N,1,Analyst,Finance
CT-100336,NDA,Consulting,India,66805,85,On Delivery,2,2,2022-01-25,2022-01-27,,,,,Pending,N,Y,0,Manager,Finance
CT-100337,Employment,Legal,India,51690,236,Net30,1,0,2023-04-20,2023-04-23,2023-05-03,2023-05-03,10.0,13.0,Approved,Y,N,0,HR Exec,Finance
CT-100338,MSA,Audit,US,183637,128,Net30,1,0,2022-11-15,2022-11-15,2022-12-17,2022-12-21,32.0,36.0,Approved,Y,N,0,Manager,Procurement
CT-100339,NDA,Audit,India,54095,350,Monthly,0,0,2022-12-29,2022-12-29,2023-01-07,2023-01-08,9.0,10.0,Approved,Y,N,1,HR Exec,Compliance
CT-100340,SOW,Audit,EMEA,30990,315,Monthly,3,1,2022-11-02,2022-11-03,2022-11-29,2022-12-02,26.0,30.0,Approved,N,N,0,Legal Exec,Compliance
CT-100341,Vendor,HR,India,81722,461,Monthly,1,1,2023-01-04,2023-01-08,,,,,Pending,Y,N,0,Analyst,Finance
CT-100342,MSA,Tax,India,110323,440,Net30,1,1,2022-06-13,2022-06-13,2022-07-09,2022-07-17,26.0,34.0,Approved,Y,N,0,Partner,Finance
CT-100343,SOW,Consulting,India,355140,227,Monthly,1,0,2022-08-27,2022-08-27,2022-09-04,2022-09-09,8.0,13.0,Approved,Y,N,0,Analyst,Procurement
CT-100344,NDA,Legal,EMEA,29714,431,Monthly,1,2,2022-08-10,2022-08-10,2022-08-14,,4.0,,Rejected,Y,N,0,Analyst,Compliance
CT-100345,MSA,Tax,India,3507711,305,Net30,1,3,2022-01-25,2022-01-25,2022-02-26,2022-02-26,32.0,32.0,Approved,N,N,0,Analyst,Finance
CT-100346,NDA,Audit,EMEA,21722,149,Quarterly,1,0,2022-05-13,2022-05-18,2022-06-01,2022-06-05,14.0,23.0,Approved,Y,N,0,Analyst,Procurement
CT-100347,MSA,Procurement,APAC,5869419,113,Net30,1,3,2023-03-27,2023-04-01,2023-05-01,2023-05-01,30.0,35.0,Approved,Y,N,0,HR Exec,Compliance
CT-100348,SOW,Audit,India,84425,243,Quarterly,0,0,2022-01-30,2022-02-02,2022-02-12,2022-02-15,10.0,16.0,Approved,N,Y,1,Manager,Finance
CT-100349,Vendor,Legal,India,230185,256,Monthly,0,1,2022-02-28,2022-03-04,2022-03-31,2022-04-08,27.0,39.0,Approved,N,Y,1,Manager,Finance
CT-100350,MSA,Audit,India,197080,379,On Delivery,0,1,2022-06-15,2022-06-19,2022-07-18,2022-07-22,29.0,37.0,Approved,N,Y,1,Analyst,Finance
CT-100351,Vendor,Consulting,US,20539,727,Net30,0,0,2022-09-04,2022-09-07,2022-09-24,2022-09-27,17.0,23.0,Approved,Y,N,1,Analyst,Legal
CT-100352,NDA,Tax,India,27656,587,Quarterly,0,0,2022-01-19,2022-01-19,2022-01-30,2022-02-02,11.0,14.0,Approved,N,Y,1,Analyst,Finance
CT-100353,SOW,Audit,India,38636,560,Quarterly,2,2,2022-06-13,2022-06-15,2022-06-19,,4.0,,Rejected,N,N,0,Legal Exec,Procurement
CT-100354,SOW,Consulting,India,87988,220,On Delivery,2,1,2022-01-24,2022-01-27,2022-02-20,2022-02-24,24.0,31.0,Approved,Y,N,0,Legal Exec,Finance
CT-100355,SOW,Consulting,India,55392,30,On Delivery,4,2,2022-03-18,2022-03-20,2022-04-10,2022-04-12,21.0,25.0,Approved,Y,N,0,Manager,Legal
CT-100356,NDA,HR,India,3216,131,On Delivery,1,0,2022-03-18,2022-03-18,2022-03-29,2022-04-01,11.0,14.0,Approved,Y,N,0,Manager,Compliance
CT-100357,Vendor,Legal,India,395383,270,Monthly,1,1,2022-05-24,2022-05-27,2022-06-19,2022-06-19,23.0,26.0,Approved,N,N,0,Analyst,Finance
CT-100358,Vendor,Legal,US,106283,131,Quarterly,1,0,2023-06-21,2023-06-23,2023-06-24,,1.0,,Rejected,N,N,0,Analyst,Finance
CT-100359,Vendor,Audit,India,426678,480,Monthly,0,0,2022-03-03,2022-03-03,2022-03-27,2022-03-28,24.0,25.0,Approved,Y,N,1,Analyst,Finance
CT-100360,SOW,Audit,India,69472,481,Monthly,0,2,2022-03-30,2022-04-01,2022-04-19,2022-04-21,18.0,22.0,Approved,Y,N,1,HR Exec,Finance
CT-100361,SOW,Audit,India,357564,102,Monthly,0,1,2022-01-11,2022-01-11,2022-02-01,2022-02-02,21.0,22.0,Approved,Y,N,1,Legal Exec,Compliance
CT-100362,Employment,Procurement,India,41696,162,Net30,1,1,2022-02-17,2022-02-24,2022-03-05,,9.0,,Rejected,Y,N,0,Analyst,Legal
CT-100363,MSA,Audit,India,2002396,358,Monthly,1,4,2022-06-17,2022-06-20,2022-07-24,2022-07-27,34.0,40.0,Approved,Y,N,0,Partner,Procurement
CT-100364,Employment,HR,India,40354,562,Quarterly,1,2,2023-09-07,2023-09-07,2023-09-16,,9.0,,Rejected,Y,N,0,Analyst,Finance
CT-100365,NDA,Legal,India,10844,30,On Delivery,2,0,2022-06-03,2022-06-09,2022-06-25,2022-06-29,16.0,26.0,Approved,Y,N,0,Analyst,Procurement
CT-100366,Vendor,Consulting,India,1410001,519,Net30,0,1,2022-02-11,2022-02-14,2022-03-07,2022-03-08,21.0,25.0,Approved,Y,N,1,HR Exec,Compliance
CT-100367,NDA,Tax,US,18741,332,Monthly,1,3,2022-05-16,2022-05-17,2022-06-04,2022-06-06,18.0,21.0,Approved,Y,N,0,Manager,Procurement
CT-100368,Vendor,Legal,India,1249118,51,On Delivery,1,1,2023-06-24,2023-06-30,2023-07-08,,8.0,,Rejected,Y,N,0,HR Exec,Compliance
CT-100369,SOW,Legal,India,155870,252,Net30,2,2,2022-07-03,2022-07-07,2022-08-03,2022-08-04,27.0,32.0,Approved,Y,N,0,Analyst,Procurement
CT-100370,Employment,Procurement,APAC,55941,135,On Delivery,1,0,2022-10-17,2022-10-17,,,,,Pending,Y,N,0,Manager,Compliance
CT-100371,SOW,Tax,India,213054,455,Monthly,0,0,2022-12-28,2022-12-28,,,,,Pending,Y,N,1,HR Exec,Compliance
CT-100372,Vendor,Procurement,US,35414,296,Quarterly,2,3,2022-06-02,2022-06-03,2022-07-06,2022-07-07,33.0,35.0,Approved,N,Y,0,Analyst,Finance
CT-100373,MSA,Legal,EMEA,115960,424,On Delivery,0,1,2022-10-26,2022-10-30,2022-11-25,2022-11-27,26.0,32.0,Approved,Y,N,1,Analyst,Legal
CT-100374,MSA,Tax,India,1502030,264,Quarterly,0,1,2022-09-19,2022-09-26,2022-10-16,2022-10-16,20.0,27.0,Approved,Y,N,1,Analyst,Procurement
CT-100375,MSA,Procurement,EMEA,368003,355,Net30,1,1,2022-04-16,2022-04-16,2022-05-14,2022-05-18,28.0,32.0,Approved,Y,N,0,Analyst,Legal
CT-100376,SOW,Tax,India,423292,508,Net30,1,0,2022-05-06,2022-05-10,2022-05-24,2022-05-26,14.0,20.0,Approved,Y,N,0,Partner,Procurement
CT-100377,Vendor,Audit,India,17113,377,Monthly,1,4,2022-01-29,2022-01-29,2022-03-04,2022-03-06,34.0,36.0,Approved,Y,N,0,HR Exec,Finance
CT-100378,NDA,Consulting,India,38498,256,Monthly,0,1,2022-08-05,2022-08-10,2022-08-22,2022-08-22,12.0,17.0,Approved,Y,N,1,Manager,Compliance
CT-100379,MSA,Consulting,EMEA,764824,446,Monthly,1,0,2022-09-12,2022-09-13,2022-09-29,2022-10-01,16.0,19.0,Approved,Y,N,0,HR Exec,Finance
CT-100380,SOW,Tax,India,11500,323,Monthly,2,2,2022-01-20,2022-01-23,2022-02-22,2022-02-25,30.0,36.0,Approved,Y,N,0,Manager,Legal
CT-100381,Employment,Consulting,US,30148,453,Monthly,0,0,2022-02-05,2022-02-09,2022-02-10,2022-02-12,1.0,7.0,Approved,Y,N,1,Analyst,Legal
CT-100382,NDA,HR,US,21619,518,On Delivery,0,1,2022-03-14,2022-03-14,2022-03-26,2022-03-27,12.0,13.0,Approved,N,Y,1,Manager,Legal
CT-100383,MSA,Legal,EMEA,7037164,511,Monthly,0,2,2022-01-12,2022-01-17,2022-02-15,2022-02-15,29.0,34.0,Approved,Y,N,1,Analyst,Compliance
CT-100384,MSA,Legal,APAC,800266,631,On Delivery,0,0,2024-04-18,2024-04-20,2024-05-11,2024-05-12,21.0,24.0,Approved,Y,N,1,Manager,Compliance
CT-100385,Vendor,Consulting,EMEA,410827,387,Quarterly,0,1,2022-03-12,2022-03-13,2022-03-26,2022-03-27,13.0,15.0,Approved,Y,N,1,Analyst,Compliance
CT-100386,SOW,Procurement,APAC,316248,446,Quarterly,1,1,2022-03-27,2022-03-27,2022-04-16,2022-04-22,20.0,26.0,Approved,N,Y,0,Analyst,Compliance
CT-100387,SOW,Audit,APAC,266134,346,Quarterly,1,1,2022-01-15,2022-01-15,2022-02-05,2022-02-06,21.0,22.0,Approved,Y,N,0,Manager,Compliance
CT-100388,MSA,Procurement,India,769853,203,Quarterly,0,1,2022-06-11,2022-06-18,2022-07-12,2022-07-13,24.0,32.0,Approved,Y,N,1,Analyst,Compliance
CT-100389,SOW,Tax,APAC,375911,316,On Delivery,3,0,2022-12-25,2022-12-31,2023-01-21,2023-01-23,21.0,29.0,Approved,Y,N,0,Analyst,Compliance
CT-100390,NDA,Consulting,US,51334,559,Monthly,1,3,2022-03-10,2022-03-10,2022-03-17,,7.0,,Rejected,Y,N,0,Manager,Legal
CT-100391,MSA,Audit,India,966618,294,On Delivery,0,3,2023-06-26,2023-06-28,2023-07-30,2023-08-03,32.0,38.0,Approved,Y,N,1,Manager,Legal
CT-100392,Vendor,HR,US,199937,97,Net30,0,1,2022-08-17,2022-08-20,2022-09-06,2022-09-08,17.0,22.0,Approved,N,N,1,Analyst,Compliance
CT-100393,SOW,HR,EMEA,25559,244,On Delivery,3,1,2023-01-10,2023-01-15,2023-01-31,2023-02-01,16.0,22.0,Approved,Y,N,0,Analyst,Procurement
CT-100394,Vendor,HR,EMEA,86315,516,Net30,1,2,2022-02-24,2022-02-26,2022-03-06,,8.0,,Rejected,Y,N,0,Analyst,Legal
CT-100395,SOW,Procurement,India,163128,591,Monthly,1,0,2022-04-10,2022-04-12,2022-05-03,2022-05-05,21.0,25.0,Approved,Y,N,0,Legal Exec,Procurement
CT-100396,SOW,Audit,India,30073,284,Net30,0,1,2022-04-03,2022-04-07,2022-04-30,2022-04-30,23.0,27.0,Approved,N,N,1,Analyst,Legal
CT-100397,Vendor,Tax,US,83913,279,Monthly,1,0,2022-11-05,2022-11-10,2022-12-01,2022-12-03,21.0,28.0,Approved,N,N,0,HR Exec,Finance
CT-100398,MSA,Consulting,EMEA,259750,359,On Delivery,0,2,2022-08-14,2022-08-16,2022-09-10,2022-09-10,25.0,27.0,Approved,Y,N,1,Analyst,Compliance
CT-100399,MSA,Consulting,APAC,338595,535,Net30,0,0,2022-02-17,2022-02-19,2022-03-13,2022-03-18,22.0,29.0,Approved,Y,N,1,Partner,Finance
CT-100400,SOW,Legal,APAC,300104,457,Monthly,0,1,2023-01-15,2023-01-19,2023-02-09,2023-02-11,21.0,27.0,Approved,N,N,1,Analyst,Legal
CT-100401,Vendor,Procurement,India,169292,499,Quarterly,0,0,2023-06-15,2023-06-17,2023-07-05,2023-07-05,18.0,20.0,Approved,Y,N,1,Analyst,Compliance
CT-100402,MSA,Legal,EMEA,4361625,449,Monthly,1,0,2022-05-04,2022-05-08,2022-05-18,,10.0,,Rejected,N,Y,0,Analyst,Finance
CT-100403,MSA,Consulting,India,1120180,131,Quarterly,0,3,2024-04-27,2024-04-27,2024-05-02,,5.0,,Rejected,N,Y,1,Analyst,Compliance
CT-100404,Vendor,Tax,APAC,41274,380,Monthly,1,2,2022-08-07,2022-08-09,2022-09-01,2022-09-03,23.0,27.0,Approved,Y,N,0,Analyst,Procurement
CT-100405,SOW,Audit,APAC,17217,451,Monthly,0,0,2022-10-03,2022-10-03,2022-10-21,2022-10-23,18.0,20.0,Approved,Y,N,1,Analyst,Compliance
CT-100406,Employment,Procurement,APAC,21167,513,Monthly,0,1,2022-09-04,2022-09-04,,,,,Pending,Y,N,1,HR Exec,Compliance
CT-100407,MSA,Audit,India,33495,338,Net30,0,0,2022-06-09,2022-06-09,2022-06-26,2022-06-28,17.0,19.0,Approved,Y,N,1,Analyst,Procurement
CT-100408,MSA,Audit,India,242690,495,Monthly,0,0,2022-01-12,2022-01-15,2022-02-06,2022-02-07,22.0,26.0,Approved,Y,N,1,HR Exec,Legal
CT-100409,SOW,Audit,India,1083087,254,Quarterly,2,1,2022-02-14,2022-02-14,2022-03-08,2022-03-15,22.0,29.0,Approved,Y,N,0,Analyst,Finance
CT-100410,MSA,Tax,India,159430,354,Net30,1,1,2022-01-03,2022-01-03,2022-02-02,2022-02-02,30.0,30.0,Approved,Y,N,0,Analyst,Procurement
CT-100411,MSA,Consulting,US,65461,238,Monthly,1,0,2022-02-10,2022-02-12,2022-03-06,2022-03-10,22.0,28.0,Approved,Y,N,0,Manager,Compliance
CT-100412,MSA,Audit,India,1543272,267,Quarterly,1,3,2022-04-07,2022-04-07,2022-05-10,2022-05-14,33.0,37.0,Approved,Y,N,0,Analyst,Legal
CT-100413,MSA,HR,US,507547,406,Quarterly,0,0,2022-11-01,2022-11-02,2022-11-09,,7.0,,Rejected,Y,N,1,HR Exec,Procurement
CT-100414,MSA,Tax,India,248266,538,On Delivery,0,0,2022-07-26,2022-08-01,2022-08-22,2022-08-23,21.0,28.0,Approved,Y,N,1,Analyst,Compliance
CT-100415,Vendor,Tax,APAC,54839,576,Net30,0,0,2022-01-25,2022-02-01,2022-02-21,2022-02-21,20.0,27.0,Approved,Y,N,1,Analyst,Compliance
CT-100416,SOW,Tax,EMEA,775121,451,Monthly,2,0,2022-08-22,2022-08-28,2022-09-18,2022-09-21,21.0,30.0,Approved,Y,N,0,Analyst,Finance
CT-100417,MSA,Procurement,India,374476,355,Monthly,1,1,2022-03-16,2022-03-16,2022-04-11,2022-04-12,26.0,27.0,Approved,Y,N,0,HR Exec,Compliance
CT-100418,MSA,Consulting,US,894532,116,Monthly,1,0,2022-03-26,2022-03-30,2022-04-19,2022-04-21,20.0,26.0,Approved,Y,N,0,Analyst,Finance
CT-100419,MSA,Procurement,India,21827,464,Monthly,1,1,2022-02-27,2022-03-03,2022-03-23,2022-03-27,20.0,28.0,Approved,Y,N,0,Manager,Compliance
CT-100420,SOW,Procurement,US,306953,439,Monthly,1,0,2022-05-03,2022-05-06,2022-05-24,2022-05-26,18.0,23.0,Approved,Y,N,0,Manager,Finance
CT-100421,SOW,Consulting,EMEA,219868,486,On Delivery,0,0,2022-07-25,2022-07-29,2022-08-11,2022-08-15,13.0,21.0,Approved,Y,N,1,Analyst,Compliance
CT-100422,MSA,Consulting,India,445287,271,On Delivery,0,0,2022-03-08,2022-03-08,2022-04-03,2022-04-06,26.0,29.0,Approved,N,Y,1,Partner,Finance
CT-100423,SOW,HR,APAC,132454,562,Quarterly,1,1,2022-02-12,2022-02-20,2022-03-05,2022-03-06,13.0,22.0,Approved,N,N,0,Analyst,Finance
CT-100424,SOW,Audit,EMEA,139829,30,Net30,1,0,2022-09-20,2022-09-21,2022-10-07,2022-10-08,16.0,18.0,Approved,Y,N,0,Analyst,Legal
CT-100425,SOW,Legal,India,394412,237,On Delivery,1,1,2022-04-11,2022-04-13,2022-05-07,2022-05-11,24.0,30.0,Approved,Y,N,0,Legal Exec,Finance
CT-100426,SOW,Tax,US,829675,160,Quarterly,1,2,2022-09-06,2022-09-06,2022-09-24,2022-09-24,18.0,18.0,Approved,Y,N,0,Analyst,Legal
CT-100427,Employment,Legal,India,52704,306,Quarterly,0,2,2022-03-12,2022-03-12,2022-04-02,2022-04-03,21.0,22.0,Approved,Y,N,1,HR Exec,Finance
CT-100428,MSA,HR,India,296663,237,Monthly,0,1,2022-08-22,2022-08-25,2022-08-31,,6.0,,Rejected,Y,N,1,Analyst,Finance
CT-100429,SOW,Consulting,India,58708,278,Monthly,1,1,2022-05-22,2022-05-22,2022-06-12,2022-06-14,21.0,23.0,Approved,Y,N,0,HR Exec,Legal
CT-100430,SOW,Consulting,India,231808,407,Quarterly,0,0,2022-11-15,2022-11-15,2022-11-26,2022-11-29,11.0,14.0,Approved,N,N,1,Analyst,Legal
CT-100431,MSA,Audit,India,2664311,147,Monthly,1,3,2022-07-14,2022-07-19,2022-08-20,2022-08-25,32.0,42.0,Approved,Y,N,0,Analyst,Finance
CT-100432,Employment,HR,India,59828,661,Quarterly,1,1,2022-01-29,2022-02-04,2022-02-18,2022-02-22,14.0,24.0,Approved,Y,N,0,Manager,Finance
CT-100433,MSA,Consulting,India,1615125,473,On Delivery,0,4,2022-11-03,2022-11-05,2022-12-04,2022-12-07,29.0,34.0,Approved,Y,N,1,Analyst,Finance
CT-100434,SOW,Legal,India,191010,272,Quarterly,0,0,2022-03-05,2022-03-05,2022-03-22,2022-03-24,17.0,19.0,Approved,N,N,1,HR Exec,Compliance
CT-100435,SOW,Consulting,APAC,116238,112,Monthly,1,2,2022-09-30,2022-10-05,2022-10-28,2022-11-01,23.0,32.0,Approved,Y,N,0,Analyst,Legal
CT-100436,NDA,HR,India,34226,476,Monthly,0,2,2022-10-15,2022-10-18,2022-11-01,2022-11-06,14.0,22.0,Approved,Y,N,1,Legal Exec,Procurement
CT-100437,SOW,HR,India,936126,527,On Delivery,2,0,2022-05-10,2022-05-14,2022-06-06,2022-06-06,23.0,27.0,Approved,Y,N,0,Analyst,Compliance
CT-100438,MSA,Procurement,APAC,155067,705,On Delivery,0,0,2023-09-18,2023-09-22,2023-10-11,2023-10-15,19.0,27.0,Approved,Y,N,1,Analyst,Procurement
CT-100439,Employment,Procurement,India,53494,396,Monthly,2,0,2022-01-01,2022-01-01,2022-01-16,2022-01-18,15.0,17.0,Approved,Y,N,0,Manager,Procurement
CT-100440,NDA,Legal,APAC,74070,334,On Delivery,0,1,2023-02-15,2023-02-19,2023-02-25,2023-02-27,6.0,12.0,Approved,N,N,1,Analyst,Compliance
CT-100441,SOW,Consulting,APAC,319693,87,Monthly,1,0,2022-03-07,2022-03-09,2022-03-28,2022-03-31,19.0,24.0,Approved,Y,N,0,HR Exec,Procurement
CT-100442,MSA,Procurement,US,888259,514,Net30,0,0,2022-05-27,2022-05-27,2022-06-15,2022-06-16,19.0,20.0,Approved,N,N,1,Analyst,Legal
CT-100443,Vendor,Procurement,India,193400,349,Net30,2,1,2022-02-09,2022-02-10,2022-03-07,2022-03-10,25.0,29.0,Approved,Y,N,0,Analyst,Procurement
CT-100444,NDA,Legal,US,41911,590,On Delivery,0,0,2023-11-21,2023-11-26,2023-11-30,,4.0,,Rejected,Y,N,1,Analyst,Compliance
CT-100445,MSA,Procurement,India,3587988,355,On Delivery,0,2,2022-04-10,2022-04-13,2022-05-10,2022-05-16,27.0,36.0,Approved,Y,N,1,Analyst,Finance
CT-100446,Vendor,HR,EMEA,17926,552,Monthly,1,0,2022-12-05,2022-12-08,2022-12-14,,6.0,,Rejected,N,Y,0,Analyst,Compliance
CT-100447,MSA,HR,APAC,92706,199,Monthly,1,3,2022-01-17,2022-01-17,2022-02-16,2022-02-16,30.0,30.0,Approved,Y,N,0,Analyst,Finance
CT-100448,SOW,Tax,India,125186,135,Monthly,0,0,2022-01-23,2022-01-27,2022-02-12,2022-02-14,16.0,22.0,Approved,Y,N,1,Analyst,Finance
CT-100449,MSA,Procurement,EMEA,4999369,810,Monthly,0,3,2022-02-03,2022-02-03,2022-03-01,2022-03-05,26.0,30.0,Approved,Y,N,1,HR Exec,Legal
CT-100450,NDA,Tax,India,50213,366,Net30,0,0,2022-03-06,2022-03-06,2022-03-16,2022-03-20,10.0,14.0,Approved,Y,N,1,Analyst,Procurement
CT-100451,Employment,Tax,EMEA,45996,616,On Delivery,1,0,2022-03-06,2022-03-08,2022-03-14,2022-03-17,6.0,11.0,Approved,Y,N,0,Analyst,Compliance
CT-100452,Employment,HR,APAC,40307,214,Quarterly,0,0,2023-03-01,2023-03-01,2023-03-02,,1.0,,Rejected,Y,N,1,Manager,Finance
CT-100453,SOW,Audit,EMEA,27048,362,Monthly,0,0,2022-09-05,2022-09-05,2022-09-11,,6.0,,Rejected,Y,N,1,Manager,Procurement
CT-100454,NDA,Procurement,APAC,11196,285,On Delivery,0,0,2022-01-02,2022-01-04,2022-01-13,2022-01-15,9.0,13.0,Approved,Y,N,1,Analyst,Finance
CT-100455,MSA,Consulting,APAC,885306,406,Net30,1,1,2022-09-10,2022-09-13,2022-10-10,2022-10-15,27.0,35.0,Approved,N,N,0,HR Exec,Compliance
CT-100456,MSA,HR,India,2121723,205,Monthly,1,2,2022-04-29,2022-05-06,2022-06-02,2022-06-03,27.0,35.0,Approved,Y,N,0,Analyst,Legal
CT-100457,MSA,Consulting,India,729348,213,Monthly,0,0,2023-09-26,2023-09-26,2023-10-18,2023-10-20,22.0,24.0,Approved,Y,N,1,Manager,Legal
CT-100458,SOW,Tax,EMEA,161441,298,Monthly,0,0,2022-03-03,2022-03-05,2022-03-12,2022-03-17,7.0,14.0,Approved,N,Y,1,Partner,Procurement
CT-100459,MSA,Legal,US,2168248,133,Quarterly,0,2,2022-08-09,2022-08-12,2022-09-08,2022-09-11,27.0,33.0,Approved,Y,N,1,Analyst,Compliance
CT-100460,MSA,Legal,India,124196,313,On Delivery,0,0,2022-02-15,2022-02-20,2022-03-19,2022-03-21,27.0,34.0,Approved,N,N,1,Analyst,Procurement
CT-100461,MSA,Procurement,APAC,204300,440,Quarterly,0,0,2023-01-04,2023-01-04,,,,,Pending,N,N,1,Analyst,Legal
CT-100462,NDA,Legal,EMEA,9471,187,Quarterly,0,0,2022-01-27,2022-01-29,2022-02-06,2022-02-09,8.0,13.0,Approved,Y,N,1,Analyst,Procurement
CT-100463,MSA,Legal,US,212653,696,Monthly,0,0,2022-12-28,2022-12-28,2023-01-22,2023-01-26,25.0,29.0,Approved,Y,N,1,Analyst,Legal
CT-100464,MSA,Tax,EMEA,382231,332,Net30,1,2,2022-12-07,2022-12-09,,,,,Pending,Y,N,0,Analyst,Procurement
CT-100465,SOW,HR,India,238240,311,Monthly,1,0,2023-07-25,2023-07-25,2023-08-10,2023-08-12,16.0,18.0,Approved,Y,N,0,HR Exec,Legal
CT-100466,NDA,Consulting,India,32708,124,Monthly,1,1,2024-01-06,2024-01-07,2024-01-13,,6.0,,Rejected,N,N,0,Manager,Compliance
CT-100467,NDA,Legal,India,9283,269,Monthly,1,1,2023-03-24,2023-03-24,2023-04-08,2023-04-12,15.0,19.0,Approved,N,N,0,Analyst,Procurement
CT-100468,SOW,Legal,EMEA,99045,367,Monthly,0,1,2022-07-07,2022-07-08,2022-07-27,2022-07-31,19.0,24.0,Approved,Y,N,1,Manager,Legal
CT-100469,Vendor,Consulting,EMEA,69316,386,Monthly,1,0,2022-04-23,2022-04-23,2022-05-13,2022-05-18,20.0,25.0,Approved,Y,N,0,Manager,Compliance
CT-100470,NDA,HR,APAC,16786,465,Net30,1,0,2022-03-25,2022-03-26,2022-03-30,2022-04-01,4.0,7.0,Approved,N,Y,0,HR Exec,Legal
CT-100471,SOW,HR,EMEA,1788230,188,Monthly,0,2,2022-03-09,2022-03-09,2022-03-28,2022-03-28,19.0,19.0,Approved,N,Y,1,Analyst,Finance
CT-100472,Vendor,Audit,APAC,467412,30,On Delivery,0,1,2022-09-12,2022-09-12,2022-09-30,2022-10-04,18.0,22.0,Approved,N,Y,1,Analyst,Compliance
CT-100473,MSA,Procurement,APAC,556824,477,Net30,0,0,2022-03-17,2022-03-20,2022-04-10,2022-04-11,21.0,25.0,Approved,N,N,1,Partner,Procurement
CT-100474,Vendor,Legal,India,78166,274,Monthly,2,1,2022-09-28,2022-09-30,2022-10-28,2022-11-01,28.0,34.0,Approved,Y,N,0,Analyst,Finance
CT-100475,Vendor,Audit,EMEA,546497,429,Net30,0,0,2022-01-08,2022-01-10,2022-01-25,2022-01-29,15.0,21.0,Approved,N,N,1,Partner,Finance
CT-100476,Vendor,Tax,India,143857,270,Net30,1,1,2022-09-01,2022-09-01,2022-09-08,,7.0,,Rejected,Y,N,0,Analyst,Compliance
CT-100477,Employment,HR,India,22918,30,Net30,3,2,2022-06-03,2022-06-08,2022-07-02,2022-07-04,24.0,31.0,Approved,N,Y,0,HR Exec,Finance
CT-100478,SOW,Procurement,India,914590,443,Quarterly,0,0,2022-12-26,2022-12-26,2023-01-08,2023-01-12,13.0,17.0,Approved,Y,N,1,Analyst,Legal
CT-100479,Employment,Procurement,India,56796,85,Monthly,1,0,2022-05-18,2022-05-20,2022-05-25,2022-05-27,5.0,9.0,Approved,Y,N,0,Partner,Legal
CT-100480,SOW,Tax,APAC,22541,486,Monthly,0,0,2022-02-06,2022-02-08,2022-02-25,2022-02-26,17.0,20.0,Approved,Y,N,1,Analyst,Legal
CT-100481,Vendor,HR,India,385772,692,Net30,0,0,2022-05-10,2022-05-17,2022-06-01,2022-06-03,15.0,24.0,Approved,Y,N,1,Analyst,Procurement
CT-100482,MSA,Legal,EMEA,230127,522,Monthly,2,2,2022-05-10,2022-05-19,,,,,Pending,Y,N,0,Analyst,Legal
CT-100483,MSA,Audit,APAC,351786,558,Quarterly,1,1,2022-03-15,2022-03-20,2022-04-16,2022-04-18,27.0,34.0,Approved,N,Y,0,Analyst,Compliance
CT-100484,Employment,Legal,India,42892,631,Monthly,0,1,2022-06-17,2022-06-18,2022-07-03,2022-07-04,15.0,17.0,Approved,Y,N,1,HR Exec,Procurement
CT-100485,SOW,Consulting,India,389023,337,Net30,1,2,2022-12-10,2022-12-10,2022-12-27,2022-12-29,17.0,19.0,Approved,Y,N,0,Manager,Compliance
CT-100486,NDA,Procurement,US,27684,281,Quarterly,1,1,2022-02-28,2022-02-28,2022-03-18,2022-03-23,18.0,23.0,Approved,Y,N,0,Manager,Legal
CT-100487,MSA,Consulting,US,156230,133,On Delivery,0,1,2022-01-16,2022-01-16,2022-02-04,2022-02-04,19.0,19.0,Approved,Y,N,1,Analyst,Legal
CT-100488,NDA,Procurement,APAC,12838,599,On Delivery,1,0,2022-02-27,2022-03-03,2022-03-17,2022-03-22,14.0,23.0,Approved,Y,N,0,HR Exec,Finance
CT-100489,SOW,Audit,APAC,13849,142,On Delivery,0,0,2022-06-08,2022-06-10,2022-06-26,2022-06-29,16.0,21.0,Approved,N,Y,1,Manager,Procurement
CT-100490,Vendor,Audit,India,433422,174,Quarterly,1,0,2022-03-13,2022-03-13,2022-04-06,2022-04-08,24.0,26.0,Approved,Y,N,0,Manager,Legal
CT-100491,NDA,Consulting,EMEA,54176,361,Quarterly,0,1,2022-06-14,2022-06-15,2022-06-25,2022-06-26,10.0,12.0,Approved,Y,N,1,Analyst,Finance
CT-100492,SOW,Legal,APAC,94732,417,Quarterly,0,0,2022-03-03,2022-03-10,2022-04-07,2022-04-07,28.0,35.0,Approved,N,N,1,Analyst,Procurement
CT-100493,NDA,HR,EMEA,163200,282,On Delivery,0,0,2022-03-12,2022-03-15,2022-03-22,,7.0,,Rejected,Y,N,1,Analyst,Finance
CT-100494,SOW,Legal,India,51008,577,Monthly,0,1,2022-02-11,2022-02-11,2022-03-05,2022-03-05,22.0,22.0,Approved,Y,N,1,Analyst,Legal
CT-100495,MSA,Audit,EMEA,2832789,369,Monthly,0,2,2023-05-16,2023-05-20,2023-06-16,2023-06-20,27.0,35.0,Approved,Y,N,1,Manager,Legal
CT-100496,Vendor,Legal,APAC,118512,225,Quarterly,0,0,2022-02-09,2022-02-09,2022-03-08,2022-03-14,27.0,33.0,Approved,Y,N,1,HR Exec,Legal
CT-100497,Employment,Legal,APAC,52437,220,Quarterly,0,0,2022-08-28,2022-08-28,2022-09-05,2022-09-08,8.0,11.0,Approved,Y,N,1,Analyst,Finance
CT-100498,MSA,Tax,India,259087,30,Net30,0,0,2022-09-19,2022-09-19,2022-09-26,,7.0,,Rejected,Y,N,1,Analyst,Procurement
CT-100499,MSA,HR,India,4586594,232,Monthly,0,2,2023-08-08,2023-08-09,2023-09-06,2023-09-11,28.0,34.0,Approved,Y,N,1,Manager,Legal
